# Blender 4.5.5 LTS
# www.blender.org
mtllib bowling.mtl
o Bowling
v -0.027505 0.133583 -0.089145
v -0.030853 0.141694 -0.088639
v -0.023756 0.140476 -0.084321
v -0.020212 0.132866 -0.084164
v 0.002439 0.171000 -0.018173
v 0.003042 0.166961 -0.026639
v -0.003647 0.174441 -0.030389
v -0.004140 0.178197 -0.022294
v -0.017765 0.131788 0.082516
v -0.009840 0.130157 0.075800
v -0.009471 0.137978 0.072769
v -0.017454 0.140227 0.079426
v -0.156904 0.133392 -0.078784
v -0.153165 0.141335 -0.079211
v -0.149700 0.135480 -0.084130
v -0.152628 0.127613 -0.083963
v -0.098467 0.202384 0.054761
v -0.089095 0.202998 0.055135
v -0.089306 0.207944 0.045635
v -0.098217 0.207306 0.045392
v -0.146019 0.143915 -0.083768
v -0.142735 0.137255 -0.088469
v -0.146736 0.170047 0.066443
v -0.137915 0.173714 0.070398
v -0.136922 0.180991 0.063736
v -0.145592 0.177157 0.060273
v -0.078471 0.154551 -0.098888
v -0.078628 0.144749 -0.102862
v -0.087016 0.144522 -0.103155
v -0.087404 0.154454 -0.099159
v -0.151252 0.026655 0.028753
v -0.151573 0.030281 0.036978
v -0.159765 0.036431 0.033847
v -0.159411 0.032981 0.026201
v -0.070665 0.007441 0.037563
v -0.070808 0.011654 0.047454
v -0.081479 0.010757 0.047700
v -0.081328 0.006557 0.037847
v -0.104555 0.103410 0.107332
v -0.094871 0.104014 0.108641
v -0.095592 0.114616 0.108531
v -0.105561 0.113822 0.107172
v -0.168004 0.067293 -0.058061
v -0.168652 0.075274 -0.062158
v -0.161337 0.072093 -0.069308
v -0.160808 0.064662 -0.065437
v -0.138449 0.092341 0.093983
v -0.130152 0.092388 0.098209
v -0.132303 0.101749 0.098330
v -0.140866 0.101266 0.093733
v -0.031012 0.096604 0.093819
v -0.023144 0.097302 0.088883
v -0.021205 0.105897 0.088203
v -0.029310 0.105691 0.093563
v -0.065308 0.136441 0.103677
v -0.055006 0.136024 0.101246
v -0.055089 0.146051 0.098034
v -0.065496 0.146630 0.100452
v 0.020047 0.136910 0.000013
v 0.020757 0.132243 -0.009469
v 0.017779 0.141479 -0.014006
v 0.017063 0.146077 -0.004714
v 0.005549 0.066548 0.042954
v 0.006841 0.062079 0.034787
v 0.011947 0.070652 0.031148
v 0.010493 0.075178 0.039707
v 0.023131 0.098826 -0.005087
v 0.023272 0.108494 -0.009789
v 0.023626 0.113187 -0.000166
v 0.023490 0.103551 0.004510
v -0.003855 0.170398 -0.038358
v -0.011210 0.177411 -0.041293
v -0.011123 0.181289 -0.033847
v -0.014772 0.066814 -0.071782
v -0.014904 0.074757 -0.076001
v -0.007088 0.078213 -0.069543
v -0.007015 0.070763 -0.065671
v -0.094011 0.051578 -0.092523
v -0.094402 0.060997 -0.097693
v -0.083703 0.061191 -0.098182
v -0.083322 0.051805 -0.093034
v -0.095536 0.133919 -0.105761
v -0.095395 0.144084 -0.102837
v -0.086613 0.134247 -0.106157
v -0.095309 0.091637 -0.107337
v -0.095434 0.102305 -0.108501
v -0.085352 0.102362 -0.108963
v -0.084928 0.091721 -0.107801
v -0.134964 0.092942 -0.095967
v -0.134061 0.102691 -0.097537
v -0.124827 0.102520 -0.101607
v -0.125538 0.092373 -0.100179
v -0.129891 0.131098 -0.097186
v -0.127831 0.140292 -0.095554
v -0.119980 0.141536 -0.098258
v -0.121649 0.131987 -0.100347
v -0.091816 0.020384 -0.063612
v -0.092391 0.027018 -0.071894
v -0.082318 0.027278 -0.072455
v -0.082039 0.020575 -0.064103
v -0.129556 0.026560 -0.056534
v -0.131240 0.032870 -0.063588
v -0.121912 0.030381 -0.066531
v -0.120509 0.024019 -0.059056
v -0.134878 0.056065 -0.081757
v -0.135324 0.064780 -0.086511
v -0.125575 0.063164 -0.090645
v -0.125168 0.054166 -0.085707
v -0.018748 0.038631 -0.050344
v -0.017140 0.044977 -0.056291
v -0.009568 0.049937 -0.051827
v -0.011327 0.043639 -0.046561
v -0.053155 0.024413 -0.061166
v -0.052549 0.030946 -0.069010
v -0.043076 0.033509 -0.066651
v -0.043949 0.027056 -0.059173
v -0.051773 0.055274 -0.088938
v -0.052116 0.064500 -0.094003
v -0.042096 0.066476 -0.090772
v -0.041773 0.057474 -0.085834
v 0.017395 0.137013 -0.023381
v 0.013412 0.146079 -0.027520
v 0.013807 0.150400 -0.018408
v 0.006691 0.117155 -0.057943
v 0.003500 0.126068 -0.060892
v 0.007186 0.131410 -0.053163
v 0.010690 0.122313 -0.049924
v -0.010145 0.150549 -0.067136
v -0.015901 0.158108 -0.068217
v -0.014087 0.163447 -0.061997
v -0.007761 0.155956 -0.060518
v 0.012259 0.062112 0.013560
v 0.016455 0.070792 0.009087
v 0.016841 0.075316 0.018101
v 0.012616 0.066431 0.022339
v 0.003060 0.048805 -0.021808
v 0.006322 0.056247 -0.026943
v 0.010101 0.059271 -0.018087
v 0.006492 0.051492 -0.013109
v 0.011465 0.081307 -0.042007
v 0.011568 0.090205 -0.046429
v 0.015990 0.094616 -0.037726
v 0.015857 0.085393 -0.033205
v -0.002341 0.081548 0.065293
v 0.000947 0.076378 0.058281
v 0.005269 0.084953 0.055809
v 0.001552 0.090076 0.063198
v -0.158405 0.086579 0.078073
v -0.153833 0.092606 0.083510
v -0.156586 0.100454 0.082361
v -0.161838 0.094597 0.076653
v -0.064472 0.055700 0.093002
v -0.073750 0.054534 0.093953
v -0.073018 0.045676 0.088139
v -0.063368 0.047051 0.087220
v -0.027423 0.057475 0.076866
v -0.035861 0.054177 0.080414
v -0.034171 0.047182 0.074041
v -0.025511 0.051004 0.070540
v -0.151539 0.034504 0.044920
v -0.159679 0.040309 0.041293
v -0.102289 0.045506 0.087280
v -0.111878 0.046641 0.085704
v -0.112452 0.038769 0.079202
v -0.102569 0.037378 0.080699
v -0.103006 0.016937 0.056187
v -0.113468 0.018789 0.054927
v -0.113312 0.013726 0.045695
v -0.102834 0.011798 0.046816
v -0.040989 0.206441 -0.013155
v -0.038944 0.205128 -0.015523
v -0.041096 0.196565 -0.012994
v -0.043149 0.197847 -0.010616
v -0.147943 0.197436 -0.012781
v -0.156113 0.191244 -0.011572
v -0.154651 0.193222 -0.002945
v -0.146565 0.199229 -0.003573
v -0.117426 0.212132 0.015075
v -0.126281 0.208984 0.014923
v -0.124466 0.207791 0.024598
v -0.116005 0.210614 0.025044
v -0.189261 0.142219 0.004931
v -0.186985 0.146317 0.014201
v -0.183959 0.154985 0.009085
v -0.186084 0.151129 0.000003
v -0.066851 0.174636 0.085106
v -0.056527 0.173656 0.082948
v -0.057444 0.181740 0.076287
v -0.067582 0.182803 0.078285
v -0.061124 0.201304 0.052704
v -0.052070 0.199363 0.051093
v -0.054031 0.204277 0.042707
v -0.062676 0.206173 0.043896
v -0.088849 0.197145 0.064103
v -0.079073 0.197336 0.063612
v -0.079705 0.203129 0.054732
v -0.080372 0.208014 0.045365
v -0.087926 0.174752 0.086990
v -0.077351 0.175004 0.086455
v -0.077888 0.183215 0.079558
v -0.088262 0.182954 0.080108
v -0.045720 0.163554 0.085707
v -0.036011 0.161655 0.081757
v -0.036858 0.169929 0.076323
v -0.046475 0.172067 0.080009
v -0.182003 0.159552 -0.004672
v -0.180073 0.163106 0.004236
v -0.175357 0.170750 -0.000641
v -0.177034 0.167510 -0.009303
v -0.159798 0.038755 -0.038365
v -0.162669 0.045245 -0.043643
v -0.156571 0.044105 -0.051603
v -0.154303 0.037966 -0.046343
v -0.175490 0.047287 -0.003955
v -0.180022 0.055075 -0.008791
v -0.176815 0.051855 -0.017802
v -0.172586 0.044388 -0.012836
v -0.188410 0.081463 -0.023719
v -0.189313 0.090882 -0.028342
v -0.185546 0.086620 -0.037419
v -0.184668 0.077438 -0.032899
v -0.180990 0.158449 0.018087
v -0.177380 0.166228 0.013109
v -0.165163 0.152887 -0.028024
v -0.163868 0.152188 -0.032540
v -0.173173 0.160143 -0.036567
v -0.174419 0.160801 -0.032031
v -0.190969 0.133197 -0.013688
v -0.190592 0.137838 -0.004398
v -0.187343 0.146928 -0.009087
v -0.187730 0.142404 -0.018101
v -0.071375 0.000707 -0.004483
v -0.071064 0.000829 0.006138
v -0.081115 -0.000017 0.006496
v -0.081127 -0.000130 -0.004215
v -0.034341 0.012552 -0.005320
v -0.032931 0.013255 0.004163
v -0.041989 0.008837 0.004714
v -0.043125 0.008371 -0.005126
v -0.030484 0.020459 0.032859
v -0.030532 0.024381 0.041990
v -0.040042 0.019881 0.044006
v -0.039938 0.015854 0.034557
v -0.145838 0.018094 -0.005410
v -0.147741 0.019281 0.003145
v -0.155746 0.025395 0.002517
v -0.153680 0.023836 -0.005470
v -0.110271 0.002675 -0.004852
v -0.111142 0.002906 0.005335
v -0.120824 0.005709 0.004834
v -0.119685 0.005334 -0.005009
v -0.113133 0.009602 0.036006
v -0.123521 0.016569 0.044133
v -0.123334 0.012545 0.034684
v -0.078342 0.188778 -0.074012
v -0.078350 0.181107 -0.081518
v -0.088441 0.181253 -0.081642
v -0.088733 0.188901 -0.074147
v -0.044820 0.172193 -0.064234
v -0.042235 0.172836 -0.062132
v -0.040029 0.180176 -0.067252
v -0.042609 0.179549 -0.069365
v -0.043871 0.151798 -0.091341
v -0.045972 0.143540 -0.095678
v -0.053904 0.144157 -0.098359
v -0.052204 0.152973 -0.094150
v -0.186745 0.132327 0.033205
v -0.182353 0.136413 0.042008
v -0.181442 0.145085 0.037246
v -0.185714 0.141342 0.028391
v -0.179717 0.153463 0.032223
v -0.183788 0.150078 0.023341
v -0.162347 0.183877 0.019327
v -0.158787 0.184931 0.027371
v -0.154952 0.190232 0.021502
v -0.157782 0.189461 0.013636
v -0.099072 0.216111 0.015056
v -0.108334 0.214513 0.015118
v -0.107341 0.212756 0.025324
v -0.098521 0.214199 0.025453
v -0.120900 0.201482 -0.045598
v -0.130847 0.197839 -0.044006
v -0.130950 0.201866 -0.034557
v -0.121018 0.205608 -0.035910
v -0.140405 0.197261 -0.032859
v -0.140006 0.200446 -0.023457
v -0.130653 0.205069 -0.024801
v -0.155261 0.167928 -0.059596
v -0.153524 0.162394 -0.066440
v -0.161090 0.157615 -0.061773
v -0.162854 0.162507 -0.055181
v -0.119306 0.183910 -0.071666
v -0.118161 0.176581 -0.079111
v -0.127619 0.173830 -0.076911
v -0.129002 0.180848 -0.069539
v -0.113853 0.151703 -0.096294
v -0.111926 0.142586 -0.100381
v -0.122361 0.150190 -0.094043
v -0.129972 0.207413 -0.014823
v -0.139199 0.202846 -0.013866
v -0.137957 0.204465 -0.004163
v -0.128900 0.208883 -0.004713
v -0.031686 0.203787 -0.003748
v -0.040683 0.208324 -0.004311
v -0.042115 0.208915 0.005176
v -0.033371 0.204648 0.005306
v -0.011478 0.184739 -0.026201
v -0.019636 0.191065 -0.028753
v -0.020395 0.194127 -0.020332
v -0.012269 0.187740 -0.018399
v -0.166940 0.100212 -0.072103
v -0.165233 0.108689 -0.074491
v -0.158973 0.103536 -0.080501
v -0.160232 0.095510 -0.078382
v -0.186003 0.119459 -0.041118
v -0.183005 0.128882 -0.044678
v -0.179731 0.123994 -0.052879
v -0.182493 0.114649 -0.049630
v -0.169022 0.154654 -0.053224
v -0.166798 0.149646 -0.060276
v -0.019315 0.187439 -0.036978
v -0.028144 0.192833 -0.039754
v -0.028420 0.196611 -0.031033
v -0.078699 0.206914 -0.047487
v -0.089409 0.206962 -0.047700
v -0.089561 0.211162 -0.037847
v -0.078860 0.211126 -0.037596
v -0.058372 0.212354 -0.015339
v -0.060704 0.203076 -0.012598
v -0.062617 0.202890 -0.015398
v -0.060264 0.212247 -0.018162
v -0.082448 0.036467 0.081642
v -0.092539 0.036613 0.081518
v -0.092546 0.028942 0.074012
v -0.082156 0.028819 0.074147
v -0.100607 0.072956 0.101961
v -0.108865 0.073154 0.100457
v -0.110077 0.063912 0.096375
v -0.101304 0.063380 0.097955
v -0.092260 0.072971 0.102862
v -0.092417 0.063169 0.098888
v -0.017834 0.099859 -0.085223
v -0.019704 0.108421 -0.087139
v -0.011970 0.109368 -0.080725
v -0.010073 0.101468 -0.078611
v -0.054253 0.094402 -0.103601
v -0.055532 0.104753 -0.104898
v -0.045992 0.105648 -0.101727
v -0.044475 0.095589 -0.100302
v -0.060071 0.134890 -0.102926
v -0.062023 0.144566 -0.100457
v -0.051491 0.134771 -0.100454
v -0.056811 0.114896 -0.105161
v -0.058335 0.124980 -0.104501
v -0.049359 0.125170 -0.101720
v -0.047520 0.115436 -0.102145
v -0.076017 0.113706 -0.108641
v -0.076824 0.124256 -0.107721
v -0.067512 0.124673 -0.106506
v -0.066333 0.114310 -0.107332
v -0.077691 0.134627 -0.105788
v -0.070281 0.144764 -0.101961
v -0.068821 0.134836 -0.104709
v -0.052537 0.074179 -0.098130
v -0.053258 0.084181 -0.101342
v -0.043318 0.085648 -0.097988
v -0.042518 0.075916 -0.094801
v -0.073428 0.071728 -0.101941
v -0.073951 0.081970 -0.105166
v -0.063501 0.082948 -0.103741
v -0.062872 0.072777 -0.100517
v -0.074572 0.092460 -0.107368
v -0.075296 0.103104 -0.108531
v -0.065327 0.103898 -0.107172
v -0.064314 0.093349 -0.105963
v -0.015424 0.082968 -0.079636
v -0.016412 0.091356 -0.082724
v -0.008622 0.093611 -0.076032
v -0.007625 0.085844 -0.073003
v -0.032954 0.077979 -0.090588
v -0.033841 0.087355 -0.093754
v -0.024843 0.089263 -0.088649
v -0.023889 0.080337 -0.085514
v -0.035111 0.096904 -0.096119
v -0.036788 0.106550 -0.097685
v -0.028000 0.107476 -0.092809
v -0.026200 0.098330 -0.091073
v -0.135076 0.067382 0.087928
v -0.142796 0.069126 0.083947
v -0.145191 0.062480 0.078705
v -0.137185 0.060055 0.082802
v -0.116984 0.073563 0.098359
v -0.124917 0.074180 0.095679
v -0.127018 0.065922 0.091341
v -0.118685 0.064747 0.094150
v -0.008035 0.055213 0.055181
v -0.015627 0.049792 0.059596
v -0.014355 0.044660 0.052343
v -0.006728 0.050639 0.048263
v -0.013530 0.039979 0.044709
v -0.005887 0.046410 0.041059
v -0.014658 0.070722 0.073823
v -0.021972 0.067369 0.078517
v -0.019455 0.061191 0.072721
v -0.012011 0.065284 0.067999
v -0.051275 0.194701 -0.033031
v -0.048076 0.193856 -0.032239
v -0.045773 0.203015 -0.034945
v -0.048938 0.203995 -0.035776
v -0.046452 0.059217 0.089053
v -0.055350 0.057266 0.091365
v -0.053904 0.048941 0.085616
v -0.044694 0.051316 0.083326
v -0.184300 0.071641 0.027520
v -0.183059 0.076278 0.036398
v -0.186966 0.085425 0.032546
v -0.188283 0.080706 0.023381
v -0.191273 0.090049 0.019016
v -0.189903 0.094797 0.028385
v -0.191841 0.104334 0.023965
v -0.193239 0.099592 0.014473
v -0.049824 0.210261 -0.010534
v -0.046649 0.208986 -0.010539
v -0.048837 0.200284 -0.007968
v -0.052049 0.201410 -0.007919
v -0.157860 0.072852 0.073311
v -0.154496 0.078753 0.078998
v -0.162446 0.080716 0.072068
v -0.156801 0.054273 0.061997
v -0.154987 0.059612 0.068217
v -0.160743 0.067171 0.067136
v -0.163127 0.061764 0.060518
v -0.169727 0.176167 -0.015514
v -0.172722 0.171826 -0.017212
v -0.169869 0.177835 -0.005478
v 0.004769 0.098760 0.060620
v 0.008842 0.093726 0.052879
v 0.011605 0.103071 0.049630
v 0.007234 0.107897 0.057662
v -0.002798 0.125934 0.069233
v 0.003478 0.121553 0.062022
v 0.004219 0.130328 0.058436
v -0.002231 0.134274 0.065916
v -0.006875 0.073275 0.066902
v -0.010181 0.078711 0.073086
v -0.000203 0.058364 0.045817
v 0.000880 0.053983 0.038102
v 0.008258 0.079951 0.047950
v 0.012117 0.088838 0.044678
v -0.179147 0.137769 -0.047950
v -0.174467 0.146395 -0.050806
v -0.171835 0.141342 -0.058281
v -0.176158 0.132767 -0.055809
v -0.182836 0.147068 -0.031148
v -0.177729 0.155641 -0.034787
v -0.176437 0.151172 -0.042954
v -0.181382 0.142542 -0.039707
v -0.161806 0.152433 -0.036810
v -0.159151 0.153633 -0.040560
v -0.168447 0.161580 -0.044583
v -0.171106 0.160383 -0.040835
v -0.189174 0.100368 -0.032912
v -0.188068 0.109930 -0.037179
v -0.184395 0.105252 -0.045944
v -0.185414 0.095879 -0.041866
v -0.193678 0.109558 -0.014144
v -0.192488 0.119226 -0.018692
v -0.190775 0.114600 -0.028065
v -0.191938 0.104940 -0.023641
v -0.190261 0.128775 -0.023065
v -0.187021 0.138127 -0.027215
v -0.185444 0.133602 -0.036097
v -0.188602 0.124175 -0.032234
v -0.168657 0.083446 -0.065916
v -0.168091 0.091786 -0.069233
v -0.161048 0.087563 -0.075800
v -0.161417 0.079742 -0.072769
v -0.180714 0.091552 -0.050391
v -0.179819 0.100670 -0.054235
v -0.174367 0.096167 -0.062022
v -0.175107 0.087392 -0.058436
v -0.178123 0.109823 -0.057662
v -0.175657 0.118960 -0.060620
v -0.170811 0.113843 -0.067844
v -0.172920 0.104991 -0.065178
v 0.003579 0.071325 0.050806
v 0.003529 0.147402 0.050135
v 0.009105 0.144009 0.041716
v 0.007495 0.152581 0.036958
v 0.002104 0.155570 0.045482
v -0.009551 0.145627 0.069308
v -0.002236 0.142446 0.062158
v -0.002884 0.150427 0.058062
v -0.010080 0.153058 0.065437
v -0.012471 0.167094 0.056558
v -0.005888 0.165493 0.048771
v -0.008220 0.172475 0.043643
v -0.014318 0.173615 0.051603
v 0.018424 0.126838 0.028342
v 0.021191 0.122404 0.018992
v 0.020274 0.131969 0.014311
v 0.017521 0.136257 0.023719
v -0.055632 0.115336 0.104807
v -0.046061 0.115200 0.101607
v -0.045350 0.125347 0.100179
v -0.055182 0.125756 0.103508
v -0.086789 0.146683 0.102385
v -0.076097 0.146840 0.101908
v -0.076487 0.156723 0.097693
v -0.087186 0.156529 0.098182
v -0.084275 0.083473 0.106157
v -0.075352 0.083800 0.105761
v -0.075303 0.094208 0.107692
v -0.084690 0.093992 0.108137
v -0.033049 0.087656 0.093382
v -0.025457 0.088815 0.088966
v -0.116984 0.168779 -0.085616
v -0.115538 0.160454 -0.091365
v -0.124437 0.158502 -0.089053
v -0.126194 0.166404 -0.083326
v -0.097870 0.172044 -0.088139
v -0.097138 0.163186 -0.093953
v -0.106416 0.162020 -0.093002
v -0.107520 0.170669 -0.087220
v -0.096316 0.153843 -0.098861
v -0.103714 0.143437 -0.101910
v -0.105155 0.152929 -0.097901
v -0.120683 0.196421 -0.054831
v -0.120143 0.190545 -0.063551
v -0.130002 0.187227 -0.061550
v -0.130623 0.192906 -0.053013
v -0.099881 0.200899 -0.056881
v -0.099542 0.194840 -0.065755
v -0.109958 0.193093 -0.064955
v -0.110404 0.199096 -0.056122
v -0.099080 0.187955 -0.073981
v -0.098488 0.180308 -0.081487
v -0.108423 0.178751 -0.080638
v -0.109304 0.186291 -0.073145
v -0.162166 0.166510 -0.049575
v -0.152841 0.158538 -0.045539
v -0.149588 0.161885 -0.046417
v -0.158905 0.169850 -0.050450
v -0.140088 0.188592 -0.050715
v -0.139375 0.183181 -0.059017
v -0.148248 0.178443 -0.055938
v -0.146969 0.184689 -0.048577
v -0.138260 0.177142 -0.066807
v -0.136717 0.170538 -0.074041
v -0.145377 0.166716 -0.070540
v -0.147044 0.172822 -0.063479
v -0.028154 0.080465 0.088469
v -0.021189 0.082240 0.084130
v -0.018260 0.090107 0.083963
v -0.142888 0.110244 0.092809
v -0.134100 0.111170 0.097685
v -0.135777 0.120816 0.096119
v -0.144689 0.119390 0.091073
v -0.162267 0.124109 0.076032
v -0.154476 0.126364 0.082724
v -0.155464 0.134752 0.079636
v -0.163264 0.131876 0.073003
v -0.135711 0.083583 0.093539
v -0.127693 0.083182 0.097318
v -0.146363 0.092413 0.089071
v -0.148978 0.100828 0.088397
v -0.102067 0.082884 0.104709
v -0.110817 0.082830 0.102926
v -0.121530 0.092550 0.101720
v -0.112553 0.092740 0.104501
v -0.114077 0.102824 0.105161
v -0.123368 0.102284 0.102145
v -0.150103 0.184967 0.044068
v -0.142371 0.189387 0.046797
v -0.140197 0.194607 0.039555
v -0.147675 0.190314 0.037519
v -0.147489 0.146091 0.081728
v -0.138396 0.148860 0.086668
v -0.138656 0.157582 0.081913
v -0.147689 0.154456 0.077212
v -0.174921 0.167843 -0.020053
v -0.178029 0.163840 -0.017899
v -0.108792 0.164132 0.091186
v -0.098241 0.165295 0.092555
v -0.098490 0.174166 0.086488
v -0.108931 0.172966 0.085170
v -0.128623 0.176802 0.073719
v -0.118898 0.179302 0.076380
v -0.118340 0.186774 0.069010
v -0.127812 0.184211 0.066651
v -0.119151 0.171171 0.083044
v -0.108870 0.181165 0.078348
v -0.106574 0.124371 0.105963
v -0.096316 0.125260 0.107368
v -0.096937 0.135750 0.105166
v -0.107387 0.134772 0.103741
v -0.085536 0.115358 0.108963
v -0.085960 0.125998 0.107801
v -0.117630 0.133539 0.101342
v -0.108017 0.144943 0.100517
v -0.118352 0.143541 0.098130
v -0.035925 0.124777 0.095967
v -0.035422 0.134397 0.093599
v -0.044992 0.135348 0.097863
v 0.006781 0.167042 -0.004960
v 0.008207 0.163199 -0.013851
v 0.001183 0.174581 -0.009574
v -0.040594 0.167290 -0.080558
v -0.042083 0.159732 -0.086296
v -0.050778 0.161425 -0.089165
v -0.049634 0.169441 -0.083443
v -0.023661 0.161598 -0.072915
v -0.025698 0.155240 -0.078705
v -0.033704 0.157665 -0.082802
v -0.031910 0.164670 -0.077035
v -0.028092 0.148594 -0.083947
v -0.038273 0.142717 -0.092432
v -0.035812 0.150338 -0.087928
v -0.038624 0.177388 -0.054060
v -0.039051 0.179517 -0.051450
v -0.036825 0.186923 -0.056616
v -0.036418 0.184730 -0.059182
v -0.019349 0.183216 -0.044920
v -0.019824 0.178483 -0.052551
v -0.028521 0.183193 -0.056120
v -0.028116 0.188315 -0.048120
v -0.020708 0.173266 -0.059801
v -0.022021 0.167611 -0.066641
v -0.030498 0.171273 -0.070715
v -0.029299 0.177493 -0.063658
v -0.078518 0.201747 -0.056914
v -0.078403 0.195679 -0.065788
v -0.088993 0.195778 -0.065938
v -0.089219 0.201818 -0.057094
v -0.035227 0.185282 -0.059323
v -0.036830 0.181562 -0.065097
v -0.035759 0.182882 -0.062613
v -0.060644 0.184810 -0.074096
v -0.058436 0.178951 -0.079202
v -0.068320 0.180342 -0.080699
v -0.068017 0.187929 -0.073208
v -0.112042 0.004169 0.015730
v -0.112701 0.006405 0.025983
v -0.122814 0.009375 0.024927
v -0.121980 0.007091 0.014947
v -0.091532 0.001181 0.016834
v -0.091804 0.003374 0.027341
v -0.102332 0.004399 0.026793
v -0.101864 0.002194 0.016368
v -0.092028 0.006594 0.037596
v -0.092189 0.010806 0.047487
v -0.102665 0.007613 0.036982
v -0.107924 0.005001 -0.024963
v -0.109190 0.003377 -0.014990
v -0.118266 0.005814 -0.014811
v -0.116580 0.007145 -0.024491
v -0.090212 0.002813 -0.025426
v -0.090578 0.000865 -0.015028
v -0.099938 0.001723 -0.015061
v -0.099118 0.003553 -0.025270
v -0.090914 -0.000068 -0.004453
v -0.091202 0.000030 0.006169
v -0.101240 0.001007 0.005786
v -0.100658 0.000869 -0.004659
v -0.140911 0.017533 -0.022317
v -0.143548 0.017508 -0.013925
v -0.151210 0.022780 -0.013425
v -0.148352 0.022234 -0.021301
v -0.124973 0.009963 -0.023917
v -0.127015 0.008993 -0.014618
v -0.135462 0.012900 -0.014322
v -0.133105 0.013435 -0.023186
v -0.128773 0.008805 -0.005176
v -0.130205 0.009396 0.004311
v -0.139203 0.013933 0.003748
v -0.137518 0.013072 -0.005306
v -0.031689 0.014874 0.013866
v -0.030882 0.017274 0.023457
v -0.040235 0.012651 0.024801
v -0.040916 0.010307 0.014823
v -0.014775 0.026476 0.011572
v -0.013783 0.029017 0.020123
v -0.022037 0.022748 0.021893
v -0.022945 0.020284 0.012781
v -0.013243 0.032130 0.028543
v -0.013186 0.035771 0.036767
v -0.021551 0.029695 0.039569
v -0.021553 0.025906 0.030848
v -0.038278 0.013403 -0.024049
v -0.036137 0.012599 -0.014756
v -0.044607 0.008736 -0.014923
v -0.046423 0.009929 -0.024598
v -0.022985 0.022212 -0.022497
v -0.020329 0.022396 -0.014112
v -0.028026 0.017163 -0.014486
v -0.030444 0.017508 -0.023343
v -0.018066 0.023163 -0.005604
v -0.016238 0.024498 0.002945
v -0.024323 0.018491 0.003573
v -0.025962 0.017498 -0.005476
v -0.072367 0.003521 -0.025453
v -0.071817 0.001609 -0.015056
v -0.081180 0.000807 -0.014886
v -0.081275 0.002785 -0.025413
v -0.054883 0.007106 -0.025044
v -0.053462 0.005588 -0.015075
v -0.062554 0.003207 -0.015118
v -0.063548 0.004964 -0.025324
v -0.052298 0.004975 -0.004940
v -0.051417 0.005275 0.005244
v -0.061136 0.002599 0.005725
v -0.061737 0.002413 -0.004718
v -0.000720 0.177679 -0.000907
v -0.005179 0.181490 -0.014050
v -0.006766 0.184306 -0.005726
v 0.014556 0.084118 0.036097
v 0.017714 0.093545 0.032234
v 0.015115 0.098261 0.041118
v 0.017180 0.107790 0.037179
v 0.019886 0.103120 0.028065
v 0.021049 0.112780 0.023641
v 0.018286 0.117352 0.032912
v -0.180006 0.109554 0.054522
v -0.174904 0.114476 0.062294
v -0.176348 0.123164 0.058711
v -0.181632 0.118572 0.050683
v -0.186000 0.113885 0.042171
v -0.182457 0.127515 0.046429
v -0.186879 0.123104 0.037726
v -0.040887 0.030493 0.061550
v -0.050745 0.027175 0.063551
v -0.050206 0.021299 0.054831
v -0.040265 0.024814 0.053013
v -0.122105 0.040762 0.077031
v -0.131444 0.043323 0.074189
v -0.132481 0.036616 0.066959
v -0.122950 0.033656 0.069662
v -0.140391 0.046446 0.070715
v -0.141590 0.040227 0.063658
v -0.059746 0.214814 -0.005335
v -0.069649 0.216712 -0.005786
v -0.070231 0.216851 0.004659
v -0.060617 0.215045 0.004852
v -0.183741 0.063475 -0.013897
v -0.186547 0.072298 -0.018881
v -0.182911 0.068533 -0.028090
v -0.180284 0.059978 -0.023047
v -0.187952 0.071643 0.004714
v -0.190935 0.080810 -0.000013
v -0.189231 0.076406 -0.009494
v -0.186307 0.067381 -0.004620
v -0.192898 0.090255 -0.004758
v -0.193819 0.099881 -0.009458
v -0.192079 0.095316 -0.018992
v -0.191162 0.085750 -0.014311
v -0.164122 0.033414 0.005726
v -0.170169 0.040041 0.000907
v -0.167636 0.037451 -0.007766
v -0.162007 0.031102 -0.002636
v -0.166749 0.039522 0.022294
v -0.173327 0.046720 0.018173
v -0.172071 0.043139 0.009574
v -0.165710 0.036230 0.014050
v -0.179095 0.054521 0.013851
v -0.183979 0.062840 0.009392
v -0.182419 0.058751 0.000298
v -0.177669 0.050678 0.004960
v -0.152613 0.027214 -0.027157
v -0.156437 0.032727 -0.032846
v -0.151628 0.032247 -0.040809
v -0.148562 0.026982 -0.035033
v -0.159359 0.029281 -0.010906
v -0.164472 0.035340 -0.016265
v -0.160730 0.033761 -0.024644
v -0.156221 0.027984 -0.019102
v -0.168978 0.041979 -0.021546
v -0.172835 0.049139 -0.026671
v -0.168107 0.046930 -0.035309
v -0.164704 0.040099 -0.030083
v -0.162145 0.186493 -0.002293
v -0.160184 0.188212 0.005688
v -0.152822 0.194557 0.005604
v -0.136548 0.205168 0.005320
v -0.127763 0.209348 0.005126
v -0.172645 0.164051 0.035568
v -0.167333 0.166162 0.043885
v -0.165001 0.172859 0.038599
v -0.169810 0.171129 0.030332
v -0.177211 0.161473 0.026943
v -0.173948 0.168915 0.021808
v -0.022245 0.177960 0.056090
v -0.016585 0.179753 0.046343
v -0.024368 0.184159 0.050150
v -0.043349 0.196825 0.049043
v -0.034934 0.193649 0.046633
v -0.037536 0.198680 0.039399
v -0.045652 0.201785 0.041190
v -0.144926 0.200222 0.005476
v -0.142863 0.200557 0.014486
v -0.134751 0.205121 0.014756
v -0.150560 0.195324 0.014112
v -0.060485 0.018624 0.056122
v -0.060277 0.013487 0.046751
v -0.049989 0.016238 0.045598
v -0.177579 0.100565 0.057943
v -0.172753 0.105795 0.065444
v -0.018501 0.123199 0.085018
v -0.010657 0.122210 0.078382
v -0.116635 0.123318 0.103601
v -0.129116 0.160245 0.085834
v -0.129054 0.168791 0.080135
v -0.138484 0.165897 0.076477
v -0.154994 0.165847 0.061891
v -0.153748 0.172743 0.056291
v -0.143384 0.084137 0.089145
v -0.146999 0.137383 0.085514
v -0.155984 0.142963 0.076001
v -0.075579 0.126083 0.107337
v -0.065287 0.126009 0.105900
v -0.075798 0.136589 0.105134
v 0.012852 0.154245 0.013897
v 0.015418 0.150339 0.004620
v 0.011531 0.158969 -0.000298
v 0.009134 0.162645 0.008791
v -0.001910 0.175741 0.021546
v 0.001698 0.173332 0.012836
v -0.003252 0.180269 0.007766
v -0.006416 0.182380 0.016265
v -0.001866 0.063066 0.053224
v -0.003948 0.117508 0.072103
v 0.002032 0.112729 0.065178
v -0.167034 0.047322 0.038358
v -0.166278 0.051775 0.046070
v -0.172668 0.059477 0.043226
v -0.173627 0.054919 0.035062
v -0.057035 0.066017 0.096294
v -0.065734 0.064791 0.097901
v -0.040322 0.069361 0.091209
v -0.048527 0.067530 0.094043
v -0.037927 0.061594 0.086158
v -0.120110 0.056295 0.089165
v -0.111078 0.055055 0.091450
v -0.101856 0.054217 0.093059
v -0.092512 0.053790 0.093981
v -0.039245 0.194372 -0.019078
v -0.037084 0.202968 -0.021617
v -0.037387 0.202303 -0.024937
v -0.039567 0.193632 -0.022376
v -0.100223 0.210279 -0.037563
v -0.110744 0.208420 -0.036917
v -0.110636 0.211651 -0.026729
v -0.100224 0.213507 -0.027308
v -0.106148 0.210055 0.035300
v -0.097850 0.211298 0.035604
v -0.018107 0.156381 0.071572
v -0.011056 0.160228 0.061178
v -0.019066 0.163982 0.066862
v -0.038062 0.177676 0.070246
v -0.028991 0.174718 0.066263
v -0.030713 0.181715 0.060098
v -0.039649 0.184850 0.063588
v -0.059760 0.195607 0.061078
v -0.050380 0.193701 0.059056
v -0.169089 0.159018 0.049019
v -0.162629 0.161136 0.056787
v -0.161320 0.167783 0.051827
v -0.121254 0.048278 0.083443
v -0.082769 0.044812 0.088351
v -0.072401 0.037412 0.081487
v -0.011530 0.188439 0.010906
v -0.008881 0.186618 0.002636
v -0.015142 0.192325 -0.002517
v -0.017208 0.193884 0.005470
v 0.016133 0.079593 0.027215
v -0.124897 0.112072 0.101727
v -0.170208 0.127609 0.066172
v -0.163800 0.139507 0.069543
v -0.170862 0.135756 0.062415
v -0.044975 0.145113 0.094674
v -0.045314 0.154556 0.090645
v -0.055449 0.155732 0.093907
v -0.076877 0.166142 0.092523
v -0.066271 0.165819 0.091122
v -0.118590 0.212745 0.004940
v -0.150139 0.071132 0.079412
v -0.152762 0.065243 0.074034
v -0.017364 0.055326 0.066440
v -0.018276 0.190506 0.027157
v -0.014668 0.189736 0.019102
v -0.019678 0.194940 0.013425
v -0.022536 0.195486 0.021301
v -0.126414 0.122131 0.100302
v -0.127570 0.132072 0.097988
v -0.137048 0.130365 0.093754
v -0.152141 0.179089 0.050344
v -0.144191 0.183541 0.053729
v -0.035290 0.143813 0.090432
v -0.026083 0.142180 0.085330
v -0.026296 0.150899 0.081543
v -0.035565 0.152940 0.086511
v -0.159562 0.174081 0.046561
v -0.157365 0.179993 0.041019
v -0.162146 0.179134 0.033071
v -0.167918 0.180309 0.002878
v -0.165397 0.182335 0.011140
v 0.008829 0.064257 -0.032223
v 0.010554 0.072635 -0.037246
v 0.014825 0.076378 -0.028391
v 0.012899 0.067642 -0.023341
v -0.001800 0.058702 -0.049019
v -0.000614 0.066185 -0.053832
v 0.005390 0.069227 -0.045754
v 0.003912 0.061269 -0.040813
v -0.000028 0.073957 -0.058317
v -0.000027 0.081964 -0.062415
v 0.006212 0.085975 -0.054685
v 0.006150 0.077482 -0.050410
v -0.005491 0.035385 -0.011140
v -0.000890 0.041830 -0.016514
v 0.002123 0.044186 -0.008025
v -0.002970 0.037411 -0.002878
v -0.012102 0.032789 -0.027371
v -0.008743 0.038586 -0.033071
v -0.004521 0.039958 -0.024881
v -0.008541 0.033843 -0.019327
v -0.005887 0.044861 -0.038599
v -0.003556 0.051558 -0.043885
v 0.001757 0.053669 -0.035567
v -0.001078 0.046591 -0.030332
v 0.001165 0.046184 0.022039
v 0.007141 0.053880 0.017899
v 0.007447 0.057955 0.026363
v 0.001384 0.049969 0.030132
v -0.001019 0.039885 0.005478
v 0.004469 0.046970 0.000641
v 0.006146 0.050210 0.009303
v 0.000365 0.042818 0.013798
v 0.009184 0.054614 -0.004236
v 0.013070 0.062735 -0.009085
v 0.015196 0.066591 -0.000003
v 0.011115 0.058168 0.004672
v -0.000403 0.134469 -0.063460
v -0.004965 0.142662 -0.065542
v -0.002076 0.148077 -0.058540
v 0.002920 0.139872 -0.056082
v -0.009050 0.123123 -0.076653
v -0.012483 0.131141 -0.078073
v -0.008443 0.137004 -0.072068
v -0.004403 0.128866 -0.070336
v -0.016393 0.138967 -0.078998
v -0.020750 0.146588 -0.079412
v -0.018126 0.152477 -0.074034
v -0.013028 0.144868 -0.073311
v 0.010744 0.099148 -0.050682
v 0.009118 0.108166 -0.054522
v 0.013341 0.113097 -0.046245
v 0.015112 0.103834 -0.042171
v -0.000680 0.090111 -0.066172
v -0.001916 0.098379 -0.069486
v 0.004016 0.103244 -0.062294
v 0.005460 0.094556 -0.058711
v -0.003739 0.106687 -0.072351
v -0.006120 0.115002 -0.074733
v -0.000947 0.120582 -0.068103
v 0.001865 0.111925 -0.065444
v 0.022351 0.118128 -0.014472
v 0.020384 0.127671 -0.019016
v 0.022713 0.122782 -0.004841
v 0.018532 0.108609 -0.033228
v 0.016659 0.118053 -0.037491
v 0.019015 0.122923 -0.028385
v 0.020953 0.113386 -0.023965
v 0.013834 0.127387 -0.041422
v 0.010087 0.136543 -0.044972
v 0.012171 0.141442 -0.036398
v 0.016078 0.132295 -0.032546
v -0.051991 0.038418 -0.076380
v -0.051737 0.046549 -0.083044
v -0.041834 0.048929 -0.080134
v -0.042265 0.040918 -0.073719
v -0.072263 0.035328 -0.079589
v -0.072399 0.043554 -0.086488
v -0.061958 0.044754 -0.085170
v -0.062019 0.036555 -0.078348
v -0.072648 0.052425 -0.092555
v -0.073020 0.061845 -0.097726
v -0.062457 0.062951 -0.096328
v -0.062096 0.053588 -0.091186
v -0.055172 0.013651 -0.043976
v -0.054037 0.018627 -0.052789
v -0.045160 0.021279 -0.051205
v -0.046700 0.016226 -0.042814
v -0.072671 0.010414 -0.045392
v -0.072422 0.015336 -0.054761
v -0.063146 0.016641 -0.053978
v -0.063845 0.011712 -0.044843
v -0.072277 0.021159 -0.063642
v -0.072254 0.027816 -0.071924
v -0.062302 0.029046 -0.070777
v -0.062620 0.022447 -0.062666
v -0.023214 0.027405 -0.037519
v -0.020785 0.032753 -0.044068
v -0.013523 0.037727 -0.041019
v -0.016145 0.032235 -0.035235
v -0.038541 0.019374 -0.041322
v -0.036661 0.024500 -0.049182
v -0.028518 0.028333 -0.046797
v -0.030691 0.023113 -0.039555
v -0.035123 0.030307 -0.056678
v -0.033966 0.036729 -0.063736
v -0.025296 0.040563 -0.060273
v -0.026698 0.034179 -0.053729
v -0.132826 0.040044 -0.070246
v -0.134031 0.047791 -0.076323
v -0.124413 0.045652 -0.080009
v -0.123329 0.037702 -0.073596
v -0.150449 0.046535 -0.061686
v -0.151823 0.053738 -0.066862
v -0.143197 0.050496 -0.071926
v -0.141898 0.043002 -0.066263
v -0.152782 0.061339 -0.071572
v -0.153292 0.069266 -0.075791
v -0.144592 0.066821 -0.081543
v -0.144116 0.058467 -0.077028
v -0.125236 0.015935 -0.041190
v -0.127540 0.020895 -0.049043
v -0.118819 0.018357 -0.051093
v -0.116858 0.013443 -0.042707
v -0.141140 0.022727 -0.037339
v -0.144004 0.027864 -0.043881
v -0.135954 0.024071 -0.046633
v -0.133352 0.019040 -0.039399
v -0.146520 0.033561 -0.050150
v -0.148643 0.039760 -0.056090
v -0.140176 0.036005 -0.060098
v -0.138253 0.029754 -0.053559
v -0.090516 0.009706 -0.045365
v -0.091183 0.014591 -0.054732
v -0.081793 0.014722 -0.055135
v -0.081583 0.009776 -0.045635
v -0.108213 0.011546 -0.043895
v -0.109765 0.016416 -0.052704
v -0.100530 0.015158 -0.053921
v -0.099415 0.010301 -0.044789
v -0.111128 0.022113 -0.061078
v -0.112274 0.028576 -0.068919
v -0.102406 0.027455 -0.070716
v -0.101541 0.020903 -0.062606
v -0.133018 0.112225 -0.098186
v -0.131615 0.121727 -0.098071
v -0.123017 0.122248 -0.101608
v -0.124080 0.112399 -0.102029
v -0.149683 0.111823 -0.088203
v -0.147745 0.120418 -0.088883
v -0.139876 0.121116 -0.093819
v -0.141578 0.112028 -0.093563
v -0.145431 0.128905 -0.088966
v -0.135431 0.138862 -0.092284
v -0.137839 0.130064 -0.093382
v -0.135599 0.073907 -0.090432
v -0.135467 0.083323 -0.093599
v -0.125897 0.082372 -0.097863
v -0.125914 0.072607 -0.094674
v -0.153435 0.077492 -0.079426
v -0.153124 0.085932 -0.082516
v -0.144572 0.084513 -0.088466
v -0.144806 0.075540 -0.085329
v -0.152388 0.094520 -0.085018
v -0.151207 0.103204 -0.086939
v -0.142880 0.102919 -0.092634
v -0.143945 0.093658 -0.090894
v -0.094791 0.070880 -0.101908
v -0.095090 0.081131 -0.105134
v -0.084509 0.081246 -0.105602
v -0.084100 0.071036 -0.102385
v -0.115799 0.071669 -0.098034
v -0.115882 0.081696 -0.101246
v -0.105581 0.081279 -0.103677
v -0.105393 0.071090 -0.100452
v -0.115707 0.091964 -0.103508
v -0.115256 0.102384 -0.104807
v -0.105431 0.102307 -0.107111
v -0.105601 0.091711 -0.105900
v -0.095556 0.112931 -0.108611
v -0.095585 0.123512 -0.107692
v -0.086199 0.123728 -0.108137
v -0.085777 0.113065 -0.109075
v -0.114785 0.112596 -0.105073
v -0.114063 0.122769 -0.104416
v -0.104896 0.123189 -0.106449
v -0.105253 0.112766 -0.107273
v -0.113112 0.132786 -0.102845
v -0.104391 0.133425 -0.104655
v -0.093001 0.034505 -0.079558
v -0.093538 0.042715 -0.086455
v -0.082963 0.042968 -0.086990
v -0.082627 0.034766 -0.080108
v -0.113444 0.035980 -0.076287
v -0.114361 0.044064 -0.082948
v -0.104037 0.043084 -0.085106
v -0.103306 0.034917 -0.078285
v -0.115035 0.052764 -0.088841
v -0.115439 0.061988 -0.093907
v -0.105015 0.061263 -0.096264
v -0.104617 0.051901 -0.091122
v -0.015894 0.051873 -0.061891
v -0.015111 0.059162 -0.067071
v -0.007406 0.063539 -0.061411
v -0.008259 0.056584 -0.056787
v -0.032973 0.044006 -0.070398
v -0.032405 0.051823 -0.076477
v -0.023468 0.055246 -0.072109
v -0.024152 0.047673 -0.066443
v -0.032233 0.060138 -0.081913
v -0.032493 0.068860 -0.086667
v -0.023400 0.071629 -0.081728
v -0.023199 0.063264 -0.077212
v 0.008519 0.154660 -0.031440
v 0.002739 0.162801 -0.035062
v 0.008878 0.158921 -0.022632
v 0.005527 0.145096 -0.048231
v 0.000170 0.153323 -0.051072
v 0.001780 0.158242 -0.043226
v 0.007402 0.150032 -0.039995
v -0.005919 0.161125 -0.053473
v -0.012696 0.168464 -0.055410
v -0.011735 0.173128 -0.048495
v -0.004611 0.165944 -0.046070
v 0.019704 0.079882 0.004398
v 0.021937 0.089255 -0.000337
v 0.022304 0.093965 0.009143
v 0.020081 0.084523 0.013688
v 0.016096 0.071403 -0.014201
v 0.018180 0.080420 -0.019193
v 0.020558 0.084729 -0.009813
v 0.018373 0.075501 -0.004931
v 0.019296 0.089703 -0.024036
v 0.019435 0.099163 -0.028660
v 0.021870 0.103804 -0.019317
v 0.021728 0.094197 -0.014635
v -0.150181 0.044454 0.059801
v -0.151065 0.039236 0.052551
v -0.142368 0.034527 0.056120
v -0.062465 0.038969 0.080638
v -0.071808 0.029765 0.073981
v -0.061585 0.031429 0.073145
v -0.036827 0.115029 0.097537
v -0.028009 0.114801 0.092634
v -0.026943 0.124062 0.090894
v -0.125728 0.196441 0.051205
v -0.116851 0.199093 0.052789
v -0.115717 0.204069 0.043976
v -0.124188 0.201494 0.042814
v -0.147420 0.162474 0.072109
v -0.119397 0.082949 0.100454
v -0.147133 0.077244 0.084321
v -0.140036 0.076026 0.088639
v -0.150676 0.084854 0.084164
v -0.046808 0.105321 0.102029
v -0.037870 0.105495 0.098186
v -0.066497 0.084295 0.104655
v -0.057776 0.084934 0.102845
v -0.056826 0.094951 0.104416
v -0.065992 0.094530 0.106449
v 0.022930 0.117839 0.009458
v 0.022010 0.127465 0.004758
v -0.009799 0.060105 0.061773
v -0.004091 0.068074 0.060276
v -0.168813 0.069643 0.058540
v -0.165923 0.075058 0.065542
v -0.170486 0.083251 0.063460
v -0.173809 0.077848 0.056082
v -0.071347 0.022880 0.065756
v -0.081895 0.021942 0.065938
v -0.081669 0.015902 0.057094
v -0.071008 0.016821 0.056881
v -0.159153 0.044592 0.048495
v -0.158192 0.049256 0.055410
v -0.164969 0.056595 0.053473
v -0.067174 0.074282 0.101910
v -0.075494 0.073636 0.102837
v -0.074573 0.063877 0.098861
v -0.022640 0.039277 0.055938
v -0.021856 0.034202 0.047936
v -0.165001 0.052227 -0.048771
v -0.166790 0.059592 -0.053579
v -0.159833 0.057492 -0.061178
v -0.158418 0.050626 -0.056558
v -0.175985 0.056925 -0.031941
v -0.178383 0.065139 -0.036958
v -0.172992 0.062149 -0.045482
v -0.170873 0.054334 -0.040547
v -0.179993 0.073711 -0.041716
v -0.180815 0.082573 -0.046136
v -0.175165 0.078779 -0.054409
v -0.174417 0.070318 -0.050135
v -0.113036 0.031372 0.071759
v -0.021560 0.196582 -0.011777
v -0.013493 0.190273 -0.010489
v -0.070794 0.002004 0.016802
v -0.070665 0.004213 0.027308
v -0.081216 0.003343 0.027629
v -0.081145 0.001144 0.017145
v -0.050588 0.006607 0.015636
v -0.050077 0.008889 0.025888
v -0.060253 0.006069 0.026729
v -0.060576 0.003832 0.016305
v -0.049870 0.012112 0.035910
v -0.060144 0.009300 0.036917
v -0.149329 0.021138 0.011777
v -0.150493 0.023593 0.020332
v -0.158619 0.029980 0.018399
v -0.157395 0.027446 0.010489
v -0.131542 0.010913 0.014018
v -0.132507 0.013243 0.023612
v -0.141764 0.017998 0.022075
v -0.140690 0.015613 0.012961
v -0.133128 0.016387 0.033016
v -0.133363 0.020301 0.042146
v -0.142744 0.024887 0.039754
v -0.142469 0.021109 0.031033
v -0.078331 0.172819 -0.088169
v -0.078377 0.163930 -0.093981
v -0.087773 0.163946 -0.094209
v -0.088120 0.172908 -0.088351
v -0.059011 0.171079 -0.085704
v -0.059810 0.162665 -0.091450
v -0.069033 0.163503 -0.093059
v -0.068600 0.172213 -0.087280
v -0.060812 0.153808 -0.096375
v -0.069585 0.154340 -0.097955
v -0.100081 0.206066 -0.047454
v -0.110611 0.204233 -0.046751
v -0.057769 0.207832 -0.033161
v -0.059835 0.209061 -0.030767
v -0.062238 0.199500 -0.027943
v -0.060172 0.198272 -0.030337
v -0.089614 0.214935 0.025414
v -0.089479 0.211936 0.035696
v -0.192617 0.123523 0.014635
v -0.190184 0.128017 0.024036
v -0.189068 0.137300 0.019193
v -0.191447 0.132991 0.009813
v -0.027692 0.167224 0.071926
v -0.151433 0.156529 -0.072721
v -0.148916 0.150351 -0.078517
v -0.156231 0.146998 -0.073823
v -0.158877 0.152435 -0.067999
v -0.135027 0.163543 -0.080414
v -0.132961 0.156126 -0.086158
v -0.141140 0.153402 -0.082638
v -0.143465 0.160244 -0.076866
v -0.130566 0.148359 -0.091209
v -0.138473 0.146265 -0.087772
v -0.020440 0.171185 0.061686
v -0.162961 0.117017 -0.076418
v -0.160178 0.125281 -0.077848
v -0.155160 0.119635 -0.083299
v -0.157279 0.111594 -0.082143
v -0.172440 0.127644 -0.063198
v -0.168547 0.136172 -0.065293
v -0.164652 0.130807 -0.071830
v -0.168029 0.122374 -0.070087
v -0.164013 0.144445 -0.066902
v -0.160708 0.139009 -0.073086
v -0.113369 0.024691 0.063646
v -0.123466 0.027217 0.061676
v -0.123661 0.021506 0.053140
v -0.171059 0.064397 0.051072
v -0.176416 0.072624 0.048231
v -0.178290 0.067688 0.039995
v 0.009826 0.126167 0.050391
v 0.009926 0.135147 0.046136
v 0.004277 0.138941 0.054409
v -0.019681 0.114516 0.086939
v -0.134227 0.193220 0.049182
v -0.132348 0.198346 0.041322
v 0.021599 0.098494 0.018692
v 0.022790 0.108162 0.014144
v -0.021910 0.116892 -0.088397
v -0.024526 0.125307 -0.089071
v -0.017055 0.125114 -0.083510
v -0.014302 0.117266 -0.082361
v -0.038585 0.115971 -0.098330
v -0.040737 0.125332 -0.098209
v -0.032440 0.125379 -0.093983
v -0.030023 0.116454 -0.093733
v -0.043195 0.134538 -0.097318
v -0.035178 0.134137 -0.093539
v -0.026317 0.133207 0.088467
v -0.107742 0.201079 0.053978
v -0.107043 0.206008 0.044843
v -0.098625 0.182392 0.079589
v -0.137935 0.139741 0.090588
v -0.000016 0.163385 0.040547
v 0.005096 0.160795 0.031941
v 0.001947 0.168581 0.026671
v -0.002782 0.170790 0.035309
v -0.065635 0.104954 0.107273
v -0.056104 0.105124 0.105073
v -0.065458 0.115413 0.107111
v -0.166485 0.088854 0.070337
v -0.164769 0.102718 0.074733
v -0.169941 0.097137 0.068103
v -0.002859 0.095346 0.070087
v -0.000077 0.103877 0.067844
v -0.187547 0.099667 0.037491
v -0.184230 0.104623 0.046245
v -0.189420 0.109111 0.033228
v -0.083115 0.053774 0.094209
v -0.147904 0.195508 0.022497
v -0.151711 0.190523 0.029242
v -0.144849 0.195127 0.030729
v -0.068557 0.213321 -0.026793
v -0.079085 0.214345 -0.027341
v -0.079357 0.216539 -0.016834
v -0.069025 0.215526 -0.016368
v -0.147228 0.056122 0.072915
v -0.031513 0.034539 0.059017
v -0.030800 0.029128 0.050715
v -0.043873 0.208726 0.014618
v -0.052623 0.211906 0.014811
v -0.054308 0.210575 0.024491
v -0.045915 0.207757 0.023917
v -0.120811 0.208831 -0.025888
v -0.120300 0.211113 -0.015636
v -0.071473 0.207419 0.044789
v -0.064421 0.210192 0.034712
v -0.072715 0.211381 0.035249
v -0.068483 0.190265 0.070716
v -0.058615 0.189144 0.068919
v -0.069348 0.196817 0.062606
v -0.078497 0.190702 0.071894
v -0.175877 0.165100 -0.022958
v -0.176334 0.162355 -0.027585
v -0.179181 0.158379 -0.025705
v -0.087566 0.165915 0.093034
v -0.070358 0.202562 0.053921
v -0.183148 0.155608 -0.013560
v -0.183505 0.151289 -0.022339
v -0.017597 0.148454 0.075791
v -0.026773 0.159253 0.077028
v -0.190324 0.118557 0.028660
v -0.194160 0.109226 0.009789
v -0.192759 0.113916 0.019317
v -0.194019 0.118894 0.005087
v -0.177101 0.131745 0.054685
v -0.170861 0.143763 0.058317
v -0.177038 0.140238 0.050410
v -0.089774 0.217737 -0.006496
v -0.099824 0.216891 -0.006138
v -0.099513 0.217013 0.004483
v -0.089762 0.217850 0.004215
v -0.176279 0.148493 0.045754
v -0.174800 0.156451 0.040813
v -0.163873 0.146956 0.065671
v -0.052151 0.205118 -0.035726
v -0.055154 0.206461 -0.034844
v -0.057541 0.196969 -0.032040
v -0.054511 0.195729 -0.032953
v -0.071771 0.214167 0.025270
v -0.080676 0.214907 0.025426
v -0.081084 0.211964 0.035578
v -0.037525 0.197419 -0.042146
v -0.042137 0.202763 -0.034390
v -0.039491 0.202406 -0.031938
v -0.037378 0.202386 -0.028661
v -0.089673 0.214377 -0.027629
v -0.038508 0.201966 -0.028136
v -0.040714 0.193193 -0.025544
v -0.140356 0.193339 -0.041990
v -0.146409 0.189758 -0.040358
v -0.147275 0.193071 -0.031312
v -0.035427 0.204820 0.014322
v -0.048783 0.176958 -0.077031
v -0.023148 0.198439 -0.003145
v -0.025050 0.199626 0.005410
v -0.045121 0.193297 -0.030647
v -0.042615 0.193050 -0.028356
v -0.040384 0.201925 -0.030978
v -0.042853 0.202317 -0.033311
v -0.068223 0.210107 -0.036982
v -0.058372 0.212354 -0.015339
v -0.055932 0.211844 -0.012971
v -0.058218 0.202753 -0.010286
v -0.039776 0.195335 -0.015867
v -0.037630 0.203873 -0.018389
v -0.037084 0.202968 -0.021617
v -0.039245 0.194372 -0.019078
v -0.092371 0.015973 0.056914
v -0.083872 0.073198 0.103155
v -0.083484 0.063266 0.099159
v -0.132616 0.075003 0.092432
v -0.032629 0.040578 0.066807
v -0.023845 0.044898 0.063479
v -0.043058 0.077428 0.095554
v -0.050908 0.076184 0.098258
v -0.058980 0.213593 -0.015042
v -0.060903 0.213611 -0.017982
v -0.062146 0.213075 -0.021359
v -0.062481 0.212366 -0.025230
v -0.061725 0.214397 -0.013157
v -0.029748 0.064318 0.082638
v -0.052727 0.041139 0.079111
v -0.043270 0.043890 0.076911
v -0.184722 0.090333 0.041422
v -0.193601 0.094938 0.004841
v -0.194515 0.104533 0.000166
v -0.151703 0.188734 -0.029843
v -0.150337 0.187974 -0.034328
v -0.141036 0.180023 -0.030302
v -0.142379 0.180764 -0.025808
v -0.173930 0.050759 0.026639
v -0.179407 0.063060 0.031440
v -0.179767 0.058798 0.022632
v -0.167242 0.043279 0.030389
v -0.011916 0.114184 0.080501
v -0.005656 0.109031 0.074491
v -0.149809 0.187602 -0.039372
v -0.150319 0.189421 -0.034396
v -0.151506 0.190067 -0.030384
v -0.015729 0.098085 0.083299
v -0.010710 0.092439 0.077848
v -0.007927 0.100703 0.076418
v -0.013610 0.106126 0.082143
v -0.005516 0.042551 0.033612
v -0.006184 0.177621 0.030083
v -0.011090 0.178965 0.038365
v -0.019260 0.185472 0.040809
v -0.014451 0.184993 0.032846
v -0.022327 0.190738 0.035033
v -0.004099 0.158128 0.053579
v 0.014657 0.131100 0.037419
v 0.013780 0.140282 0.032899
v 0.012023 0.149187 0.028090
v 0.015659 0.145422 0.018881
v 0.009395 0.157742 0.023047
v -0.075454 0.115415 0.108501
v -0.075332 0.104789 0.108611
v -0.085111 0.104655 0.109075
v -0.040998 0.086622 0.097186
v -0.049240 0.085732 0.100347
v -0.093197 0.083092 0.105788
v -0.135765 0.187413 0.056678
v -0.154743 0.185485 0.035235
v -0.163482 0.154180 0.061411
v -0.155777 0.158558 0.067071
v -0.118772 0.153220 0.094003
v -0.108431 0.154769 0.096328
v -0.119116 0.162446 0.088938
v -0.126940 0.190664 0.059173
v -0.117734 0.193307 0.061166
v -0.108586 0.188673 0.070777
v -0.098635 0.189903 0.071924
v -0.098612 0.196561 0.063642
v -0.108268 0.195273 0.062666
v -0.128371 0.141804 0.094801
v -0.128793 0.151244 0.090772
v 0.013507 0.112468 0.045944
v 0.014525 0.121841 0.041866
v -0.051582 0.033810 0.071666
v -0.158918 0.108351 0.080725
v -0.160816 0.116252 0.078611
v -0.167149 0.111033 0.072351
v -0.133445 0.025056 0.050872
v -0.079974 0.217788 0.004453
v -0.080310 0.216855 0.015028
v -0.070951 0.215997 0.015061
v -0.051203 0.212386 0.005009
v -0.061698 0.214343 0.014990
v -0.106467 0.007527 -0.034712
v -0.098173 0.006339 -0.035249
v -0.114637 0.009316 -0.033969
v -0.089804 0.005756 -0.035578
v -0.081409 0.005784 -0.035696
v -0.137921 0.018154 -0.030559
v -0.130410 0.014645 -0.031886
v -0.145122 0.022201 -0.029050
v -0.122634 0.011693 -0.033025
v -0.040774 0.014941 -0.033150
v -0.033253 0.018500 -0.032034
v -0.048561 0.011937 -0.034070
v -0.026039 0.022593 -0.030729
v -0.019178 0.027197 -0.029242
v -0.073038 0.006422 -0.035603
v -0.064740 0.007665 -0.035300
v -0.056565 0.009507 -0.034788
v -0.007238 0.033404 0.010260
v -0.006195 0.036027 0.018167
v -0.008744 0.031227 0.002293
v -0.005619 0.039083 0.025966
v -0.015936 0.027488 -0.021502
v -0.013106 0.028259 -0.013636
v -0.010704 0.029508 -0.005688
v -0.132611 0.204317 0.024049
v -0.130114 0.202779 0.033150
v -0.122328 0.205783 0.034070
v -0.032635 0.187966 0.053559
v -0.026884 0.189856 0.043881
v -0.048255 0.206027 0.033025
v -0.056252 0.208404 0.033969
v -0.133138 0.030507 0.059172
v -0.060931 0.024627 0.064955
v -0.062964 0.212719 0.024963
v -0.114323 0.208213 0.034788
v -0.168973 0.119341 0.069486
v 0.004602 0.170433 0.003955
v -0.094065 0.093464 0.107721
v -0.047871 0.095472 0.101608
v -0.010158 0.183959 0.024644
v 0.008931 0.117050 0.054235
v -0.181578 0.095406 0.049924
v -0.024870 0.073805 0.083768
v -0.032415 0.071455 0.087772
v -0.035891 0.203437 -0.021929
v -0.036550 0.204530 -0.018026
v -0.037710 0.205650 -0.015484
v -0.030198 0.202107 -0.012961
v -0.029125 0.199722 -0.022075
v -0.092557 0.044901 0.088169
v -0.027341 0.200212 0.013925
v -0.100094 0.215716 -0.016802
v -0.110312 0.213888 -0.016305
v -0.109752 0.215121 -0.005725
v -0.173011 0.173534 0.008025
v -0.089744 0.216576 -0.017145
v -0.079686 0.217690 -0.006169
v -0.119471 0.212445 -0.005244
v -0.088571 0.190442 0.072455
v -0.097461 0.145992 0.101941
v -0.097868 0.155875 0.097726
v 0.005927 0.165865 0.017802
v 0.013090 0.154880 -0.009392
v -0.178074 0.086310 0.053163
v -0.180976 0.081177 0.044972
v -0.148867 0.050109 0.066641
v -0.043637 0.207677 -0.011431
v -0.045802 0.199065 -0.008887
v -0.163651 0.184316 -0.010260
v -0.055853 0.164956 0.088841
v -0.047560 0.180018 0.073596
v -0.048977 0.187339 0.066531
v -0.192825 0.128465 0.000337
v -0.162216 0.163667 -0.013671
v -0.171517 0.171618 -0.017696
v -0.168950 0.175340 -0.016243
v -0.159654 0.167393 -0.012220
v -0.109151 0.215306 0.004718
v -0.170274 0.151535 0.053832
v -0.162746 0.182398 -0.016851
v -0.159466 0.185196 -0.018840
v -0.150149 0.177232 -0.014808
v -0.153421 0.174426 -0.012815
v -0.148852 0.194972 -0.021893
v -0.029977 0.200186 0.022317
v -0.037783 0.204285 0.023186
v -0.040478 0.203075 0.031886
v -0.032967 0.199565 0.030559
v -0.102872 0.029791 0.073208
v -0.103010 0.022958 0.065019
v -0.092486 0.022041 0.065788
v -0.130294 0.050430 0.080558
v -0.138978 0.053050 0.077035
v -0.041887 0.036872 0.069539
v -0.128805 0.057988 0.086296
v -0.174389 0.091652 0.060892
v -0.013985 0.084328 0.078784
v -0.006236 0.086913 0.071830
v 0.018343 0.141314 0.009494
v -0.065874 0.156457 0.096264
v -0.039274 0.095993 0.098071
v -0.153055 0.117861 0.085223
v -0.146045 0.128457 0.088649
v -0.115357 0.112966 0.104898
v -0.103376 0.093047 0.106506
v -0.151184 0.109299 0.087139
v -0.156117 0.150906 0.071782
v -0.137636 0.199220 0.032034
v -0.086379 0.136474 0.105602
v 0.019372 0.088945 0.023065
v -0.142772 0.029405 0.048120
v -0.140444 0.200212 0.023343
v -0.089708 0.216913 0.014886
v -0.166368 0.177762 0.024881
v -0.169998 0.175890 0.016514
v -0.041332 0.191160 0.056534
v -0.184695 0.067320 0.018408
v -0.191646 0.085477 0.009469
v -0.188667 0.076241 0.014006
v -0.050064 0.212010 -0.004834
v -0.057383 0.185307 -0.071047
v -0.059357 0.187433 -0.069272
v -0.061760 0.179440 -0.063697
v -0.059766 0.177382 -0.065519
v -0.057383 0.185307 -0.071047
v -0.057218 0.175400 -0.066623
v -0.054884 0.183165 -0.072039
v -0.061775 0.193027 -0.065061
v -0.067879 0.194762 -0.065019
v -0.067883 0.200783 -0.056187
v -0.058275 0.197734 -0.056956
v -0.059875 0.196832 -0.059022
v -0.061312 0.195065 -0.062366
v -0.068054 0.205922 -0.046816
v -0.035584 0.187648 -0.056774
v -0.036922 0.189899 -0.054379
v -0.044844 0.185729 -0.046234
v -0.042529 0.193433 -0.051608
v -0.039999 0.191392 -0.052671
v -0.042278 0.183812 -0.047383
v -0.039444 0.174397 -0.074189
v -0.038944 0.205128 -0.015523
v -0.029748 0.194993 0.037339
v -0.035458 0.078858 0.092284
v -0.151413 0.180790 -0.046205
v -0.142089 0.172820 -0.042170
v -0.140886 0.175911 -0.038772
v -0.150187 0.183862 -0.042797
v -0.058963 0.075133 0.100381
v -0.025767 0.195519 0.029050
v -0.193192 0.123755 -0.009143
v -0.194378 0.114169 -0.004510
v -0.155948 0.173556 -0.050176
v -0.146602 0.165567 -0.046131
v -0.165695 0.154562 -0.023612
v -0.174993 0.162511 -0.027637
v -0.017723 0.076385 0.079211
v -0.165969 0.179025 -0.015959
v -0.156658 0.171066 -0.011930
v -0.061913 0.211516 -0.028482
v -0.060357 0.210002 -0.031896
v -0.058685 0.208959 -0.033836
v -0.064090 0.201691 -0.021858
v -0.061696 0.211216 -0.024672
v -0.061404 0.211833 -0.021338
v -0.063776 0.202401 -0.018551
v -0.052216 0.205871 -0.036996
v -0.048531 0.204525 -0.037032
v -0.047368 0.201151 -0.044133
v -0.057577 0.203994 -0.045695
v -0.055155 0.207127 -0.036118
v -0.036141 0.202893 -0.025374
v -0.153706 0.188439 -0.025547
v -0.151703 0.188734 -0.029843
v -0.144416 0.180497 -0.021526
v -0.163530 0.183244 -0.016119
v -0.159797 0.186413 -0.018375
v -0.040270 0.173939 -0.059597
v -0.038071 0.181252 -0.064698
v -0.156451 0.187315 -0.021836
v -0.147105 0.179326 -0.017791
v -0.048938 0.203995 -0.035776
v -0.153835 0.189754 -0.025428
v -0.055154 0.206461 -0.034844
v -0.156451 0.187315 -0.021836
v -0.061167 0.210245 -0.027881
v -0.061696 0.211216 -0.024672
v -0.063570 0.200685 -0.025057
v -0.053019 0.211122 -0.011330
v -0.055267 0.202179 -0.008688
v -0.174570 0.164913 -0.023561
v -0.165313 0.156999 -0.019555
v -0.039050 0.175453 -0.056817
v -0.036858 0.182746 -0.061903
v -0.038071 0.181252 -0.064698
v -0.174629 0.159852 -0.036511
v -0.172295 0.160115 -0.041332
v -0.169192 0.161509 -0.045707
v -0.162166 0.166510 -0.049575
v -0.165408 0.163679 -0.047569
v -0.156097 0.155719 -0.043539
v -0.166295 0.163734 -0.048789
v -0.162917 0.166447 -0.050715
v -0.159206 0.170232 -0.051702
v -0.155948 0.173556 -0.050176
v -0.144005 0.169263 -0.044666
v -0.153295 0.177205 -0.048686
v -0.153403 0.177923 -0.049797
v -0.156584 0.174088 -0.051560
v -0.140567 0.178403 -0.034742
v -0.149919 0.186397 -0.038789
v -0.151413 0.180790 -0.046205
v -0.162746 0.182398 -0.016851
v -0.165969 0.179025 -0.015959
v -0.166890 0.180006 -0.015275
v -0.173463 0.168087 -0.020205
v -0.164159 0.160132 -0.016178
v -0.045298 0.203682 -0.036242
v -0.038508 0.201966 -0.028136
v -0.157119 0.188723 -0.021417
v -0.040155 0.207581 -0.012591
v -0.043023 0.208618 -0.010721
v -0.151213 0.182042 -0.046913
v -0.046198 0.210013 -0.009781
v -0.049661 0.211383 -0.009774
v -0.165408 0.163679 -0.047569
v -0.041962 0.179583 -0.070526
v -0.039163 0.180450 -0.068473
v -0.048731 0.180357 -0.072127
v -0.051003 0.172797 -0.066853
v -0.047810 0.172184 -0.065846
v -0.045576 0.179617 -0.071031
v -0.048531 0.180456 -0.073473
v -0.045089 0.179663 -0.072293
v -0.054231 0.173832 -0.067075
v -0.051935 0.181470 -0.072403
v -0.051044 0.188385 -0.046040
v -0.048658 0.196324 -0.051578
v -0.045484 0.195109 -0.051230
v -0.047836 0.187285 -0.045773
v -0.057966 0.185832 -0.072221
v -0.055139 0.183464 -0.073380
v -0.052002 0.181636 -0.073747
v -0.061318 0.190430 -0.068000
v -0.059972 0.188126 -0.070473
v -0.063016 0.181599 -0.061397
v -0.060594 0.189655 -0.067017
v -0.057355 0.196519 -0.056462
v -0.059809 0.188354 -0.050766
v -0.061789 0.187204 -0.053270
v -0.059335 0.195370 -0.058966
v -0.060567 0.193816 -0.061718
v -0.063021 0.185651 -0.056023
v -0.063435 0.183753 -0.058805
v -0.060990 0.191889 -0.064479
v -0.060990 0.191889 -0.064479
v -0.054837 0.198443 -0.054005
v -0.054810 0.197030 -0.054269
v -0.057247 0.188923 -0.048614
v -0.051852 0.196934 -0.052583
v -0.054262 0.188915 -0.046989
v -0.054810 0.197030 -0.054269
v -0.051943 0.198396 -0.052392
v -0.048280 0.197644 -0.051206
v -0.041837 0.194567 -0.051271
v -0.045038 0.196546 -0.050939
v -0.039127 0.192457 -0.052430
v -0.040294 0.181718 -0.049180
v -0.038042 0.189211 -0.054406
v -0.038624 0.177388 -0.054060
v -0.036418 0.184730 -0.059182
v -0.053121 0.212279 -0.010631
v -0.056221 0.213078 -0.012384
v -0.048658 0.196324 -0.051578
v -0.150151 0.184811 -0.043891
v -0.038042 0.189211 -0.054406
v -0.175706 0.160425 -0.032588
v -0.045618 0.203466 -0.035226
v -0.048793 0.204428 -0.036051
v -0.048793 0.204428 -0.036051
v -0.045618 0.203466 -0.035226
v -0.045445 0.203710 -0.035700
v -0.048644 0.204622 -0.036511
v -0.159335 0.170280 -0.051196
v -0.156545 0.174060 -0.050989
v -0.159224 0.170140 -0.050738
v -0.156312 0.173866 -0.050482
v -0.156312 0.173866 -0.050482
v -0.159224 0.170140 -0.050738
v -0.059347 0.187834 -0.069649
v -0.060598 0.190068 -0.067364
v -0.060598 0.190068 -0.067364
v -0.059347 0.187834 -0.069649
v -0.059572 0.188088 -0.070088
v -0.060863 0.190352 -0.067724
v -0.061289 0.192767 -0.064985
v -0.061002 0.192350 -0.064773
v -0.060598 0.190068 -0.067364
v -0.061002 0.192350 -0.064773
v -0.036999 0.204562 -0.018314
v -0.038236 0.205750 -0.015610
v -0.037394 0.204322 -0.018447
v -0.038688 0.205559 -0.015625
v -0.038688 0.205559 -0.015625
v -0.037394 0.204322 -0.018447
v -0.169333 0.175689 -0.016266
v -0.166371 0.179395 -0.015988
v -0.166371 0.179395 -0.015988
v -0.169333 0.175689 -0.016266
v -0.169618 0.175992 -0.016000
v -0.166708 0.179754 -0.015738
v -0.059512 0.196410 -0.059209
v -0.060846 0.194749 -0.062257
v -0.059314 0.195875 -0.059189
v -0.060574 0.194292 -0.062020
v -0.060574 0.194292 -0.062020
v -0.059314 0.195875 -0.059189
v -0.043239 0.208509 -0.011183
v -0.046332 0.209861 -0.010267
v -0.043464 0.208164 -0.011443
v -0.046497 0.209486 -0.010544
v -0.046497 0.209486 -0.010544
v -0.043464 0.208164 -0.011443
v -0.045168 0.196136 -0.051300
v -0.048376 0.197293 -0.051607
v -0.045331 0.195610 -0.051407
v -0.048514 0.196810 -0.051743
v -0.048514 0.196810 -0.051743
v -0.045331 0.195610 -0.051407
v -0.153628 0.177802 -0.049362
v -0.151592 0.181655 -0.046680
v -0.153589 0.177539 -0.048956
v -0.151665 0.181197 -0.046421
v -0.151665 0.181197 -0.046421
v -0.153589 0.177539 -0.048956
v -0.061710 0.211731 -0.024854
v -0.061413 0.212361 -0.021447
v -0.061413 0.212361 -0.021447
v -0.061710 0.211731 -0.024854
v -0.061998 0.212152 -0.025058
v -0.061684 0.212816 -0.021455
v -0.154002 0.188854 -0.025652
v -0.151956 0.189151 -0.030036
v -0.151956 0.189151 -0.030036
v -0.154002 0.188854 -0.025652
v -0.154049 0.189335 -0.025608
v -0.151884 0.189639 -0.030234
v -0.150183 0.186797 -0.038988
v -0.150461 0.184228 -0.043065
v -0.150461 0.184228 -0.043065
v -0.150183 0.186797 -0.038988
v -0.150143 0.187238 -0.039201
v -0.150448 0.184575 -0.043465
v -0.055063 0.206911 -0.035122
v -0.057800 0.208344 -0.033358
v -0.057800 0.208344 -0.033358
v -0.055063 0.206911 -0.035122
v -0.055064 0.207155 -0.035588
v -0.058136 0.208757 -0.033605
v -0.175342 0.160851 -0.032430
v -0.174180 0.160236 -0.036660
v -0.174871 0.160989 -0.032226
v -0.173647 0.160342 -0.036680
v -0.173647 0.160342 -0.036680
v -0.174871 0.160989 -0.032226
v -0.036673 0.202960 -0.025262
v -0.036396 0.203564 -0.021880
v -0.037129 0.202744 -0.025103
v -0.036833 0.203392 -0.021766
v -0.036833 0.203392 -0.021766
v -0.037129 0.202744 -0.025103
v -0.040481 0.207372 -0.012980
v -0.040786 0.206955 -0.013186
v -0.040786 0.206955 -0.013186
v -0.159789 0.185598 -0.018899
v -0.156819 0.187743 -0.021901
v -0.156819 0.187743 -0.021901
v -0.159789 0.185598 -0.018899
v -0.159911 0.186043 -0.018728
v -0.157064 0.188258 -0.021747
v -0.042404 0.202902 -0.033957
v -0.039847 0.202527 -0.031565
v -0.042666 0.202738 -0.033562
v -0.040174 0.202351 -0.031214
v -0.040174 0.202351 -0.031214
v -0.042666 0.202738 -0.033562
v -0.039790 0.191844 -0.052854
v -0.037799 0.189612 -0.054618
v -0.037799 0.189612 -0.054618
v -0.039790 0.191844 -0.052854
v -0.039470 0.192234 -0.052766
v -0.037389 0.189864 -0.054608
v -0.051876 0.181862 -0.073291
v -0.048538 0.180716 -0.073016
v -0.051851 0.181801 -0.072798
v -0.048611 0.180679 -0.072523
v -0.048611 0.180679 -0.072523
v -0.051851 0.181801 -0.072798
v -0.054731 0.198045 -0.054352
v -0.057722 0.197435 -0.056924
v -0.054721 0.197528 -0.054449
v -0.057386 0.196990 -0.056743
v -0.057386 0.196990 -0.056743
v -0.054721 0.197528 -0.054449
v -0.059814 0.209548 -0.031025
v -0.061176 0.210776 -0.028068
v -0.061176 0.210776 -0.028068
v -0.059814 0.209548 -0.031025
v -0.060005 0.209893 -0.031438
v -0.061449 0.211241 -0.028288
v -0.169098 0.161783 -0.045266
v -0.166131 0.163945 -0.048299
v -0.168826 0.161809 -0.044855
v -0.165806 0.163925 -0.047853
v -0.165806 0.163925 -0.047853
v -0.168826 0.161809 -0.044855
v -0.051851 0.181801 -0.072798
v -0.054825 0.183515 -0.072435
v -0.054825 0.183515 -0.072435
v -0.054919 0.183624 -0.072925
v -0.060493 0.213291 -0.018179
v -0.060259 0.212792 -0.018245
v -0.061413 0.212361 -0.021447
v -0.060259 0.212792 -0.018245
v -0.042430 0.179862 -0.069736
v -0.045418 0.179932 -0.071416
v -0.045418 0.179932 -0.071416
v -0.042430 0.179862 -0.069736
v -0.042193 0.179875 -0.070161
v -0.045239 0.179949 -0.071878
v -0.042343 0.193894 -0.051778
v -0.039790 0.191844 -0.052854
v -0.042343 0.193894 -0.051778
v -0.042090 0.194309 -0.051655
v -0.175024 0.165176 -0.023601
v -0.173937 0.168293 -0.020305
v -0.173937 0.168293 -0.020305
v -0.175024 0.165176 -0.023601
v -0.175502 0.165245 -0.023380
v -0.174471 0.168203 -0.020249
v -0.052941 0.211639 -0.011343
v -0.049711 0.210773 -0.010539
v -0.049711 0.210773 -0.010539
v -0.052941 0.211639 -0.011343
v -0.052979 0.212062 -0.011087
v -0.049651 0.211184 -0.010261
v -0.039820 0.180521 -0.067631
v -0.039820 0.180521 -0.067631
v -0.039503 0.180622 -0.068078
v -0.036566 0.187329 -0.056853
v -0.036165 0.185113 -0.059416
v -0.036165 0.185113 -0.059416
v -0.036566 0.187329 -0.056853
v -0.036112 0.187594 -0.056910
v -0.035730 0.185314 -0.059468
v -0.036618 0.183073 -0.062214
v -0.037812 0.181603 -0.064967
v -0.037812 0.181603 -0.064967
v -0.036618 0.183073 -0.062214
v -0.036215 0.183122 -0.062473
v -0.037358 0.181716 -0.065113
v -0.037852 0.202537 -0.028505
v -0.038266 0.202384 -0.028313
v -0.038266 0.202384 -0.028313
v -0.040174 0.202351 -0.031214
v -0.055985 0.212823 -0.012784
v -0.055880 0.212371 -0.012999
v -0.055880 0.212371 -0.012999
v -0.052941 0.211639 -0.011343
v -0.150461 0.184228 -0.043065
v -0.151665 0.181197 -0.046421
v -0.174871 0.160989 -0.032226
v -0.175452 0.162729 -0.027751
v -0.175452 0.162729 -0.027751
v -0.175943 0.162672 -0.027732
v -0.156312 0.173866 -0.050482
v -0.162820 0.166717 -0.050266
v -0.162545 0.166740 -0.049848
v -0.162545 0.166740 -0.049848
v -0.165806 0.163925 -0.047853
v -0.168826 0.161809 -0.044855
v -0.171544 0.160586 -0.041023
v -0.171544 0.160586 -0.041023
v -0.171979 0.160488 -0.041205
v -0.171544 0.160586 -0.041023
v -0.173647 0.160342 -0.036680
v -0.162545 0.166740 -0.049848
v -0.051805 0.197974 -0.052702
v -0.051771 0.197439 -0.052772
v -0.054721 0.197528 -0.054449
v -0.051771 0.197439 -0.052772
v -0.036165 0.185113 -0.059416
v -0.036618 0.183073 -0.062214
v -0.061002 0.192350 -0.064773
v -0.060574 0.194292 -0.062020
v -0.037812 0.181603 -0.064967
v -0.051771 0.197439 -0.052772
v -0.048514 0.196810 -0.051743
v -0.059314 0.195875 -0.059189
v -0.057386 0.196990 -0.056743
v -0.045418 0.179932 -0.071416
v -0.048611 0.180679 -0.072523
v -0.057582 0.185879 -0.071849
v -0.057369 0.185687 -0.071420
v -0.054825 0.183515 -0.072435
v -0.057369 0.185687 -0.071420
v -0.037799 0.189612 -0.054618
v -0.036566 0.187329 -0.056853
v -0.057369 0.185687 -0.071420
v -0.059347 0.187834 -0.069649
v -0.045331 0.195610 -0.051407
v -0.042343 0.193894 -0.051778
v -0.150607 0.188936 -0.034482
v -0.150614 0.188407 -0.034458
v -0.151956 0.189151 -0.030036
v -0.150614 0.188407 -0.034458
v -0.156819 0.187743 -0.021901
v -0.166371 0.179395 -0.015988
v -0.163130 0.182750 -0.016873
v -0.163130 0.182750 -0.016873
v -0.163417 0.183060 -0.016605
v -0.172399 0.171960 -0.017575
v -0.171957 0.171884 -0.017752
v -0.171957 0.171884 -0.017752
v -0.169333 0.175689 -0.016266
v -0.173937 0.168293 -0.020305
v -0.171957 0.171884 -0.017752
v -0.163130 0.182750 -0.016873
v -0.052069 0.205581 -0.036003
v -0.055063 0.206911 -0.035122
v -0.052069 0.205581 -0.036003
v -0.052093 0.205856 -0.036468
v -0.037394 0.204322 -0.018447
v -0.036833 0.203392 -0.021766
v -0.061176 0.210776 -0.028068
v -0.061710 0.211731 -0.024854
v -0.038688 0.205559 -0.015625
v -0.048793 0.204428 -0.036051
v -0.052069 0.205581 -0.036003
v -0.057800 0.208344 -0.033358
v -0.059814 0.209548 -0.031025
v -0.049711 0.210773 -0.010539
v -0.046497 0.209486 -0.010544
v -0.058362 0.212882 -0.015406
v -0.055880 0.212371 -0.012999
v -0.058362 0.212882 -0.015406
v -0.058585 0.213335 -0.015297
v -0.037129 0.202744 -0.025103
v -0.038266 0.202384 -0.028313
v -0.060259 0.212792 -0.018245
v -0.058362 0.212882 -0.015406
v -0.042666 0.202738 -0.033562
v -0.045618 0.203466 -0.035226
v -0.150614 0.188407 -0.034458
v -0.175024 0.165176 -0.023601
vn 0.5295 0.2238 -0.8183
vn 0.5128 0.2988 -0.8048
vn 0.5651 0.2896 -0.7725
vn 0.5916 0.2335 -0.7717
vn 0.8064 0.5675 -0.1662
vn 0.8112 0.5316 -0.2437
vn 0.7506 0.5996 -0.2778
vn 0.7465 0.6334 -0.2041
vn 0.6181 0.2113 0.7571
vn 0.6923 0.1905 0.6960
vn 0.6960 0.2645 0.6676
vn 0.6208 0.2884 0.7290
vn -0.6572 0.2237 -0.7197
vn -0.6145 0.2874 -0.7347
vn -0.5887 0.2439 -0.7707
vn -0.6106 0.1858 -0.7698
vn -0.1187 0.8558 0.5034
vn -0.0334 0.8621 0.5056
vn -0.0353 0.9069 0.4198
vn -0.1163 0.9009 0.4182
vn -0.5537 0.3242 -0.7670
vn -0.5373 0.2571 -0.8032
vn -0.5596 0.5605 0.6104
vn -0.4791 0.5939 0.6463
vn -0.4708 0.6593 0.5863
vn -0.5498 0.6245 0.5547
vn 0.0631 0.4208 -0.9049
vn 0.0643 0.3288 -0.9422
vn -0.0144 0.3267 -0.9450
vn -0.0180 0.4192 -0.9077
vn -0.6008 -0.7543 0.2645
vn -0.6041 -0.7211 0.3394
vn -0.6808 -0.6636 0.3101
vn -0.6772 -0.6961 0.2382
vn 0.1354 -0.9291 0.3443
vn 0.1341 -0.8905 0.4347
vn 0.0363 -0.8987 0.4370
vn 0.0377 -0.9372 0.3467
vn -0.1743 -0.0484 0.9835
vn -0.0859 -0.0427 0.9954
vn -0.0930 0.0546 0.9942
vn -0.1842 0.0477 0.9817
vn -0.7580 -0.3796 -0.5303
vn -0.7638 -0.3070 -0.5678
vn -0.6953 -0.3368 -0.6349
vn -0.6902 -0.4071 -0.5983
vn -0.4844 -0.1487 0.8621
vn -0.4084 -0.1485 0.9006
vn -0.4280 -0.0630 0.9016
vn -0.5064 -0.0675 0.8596
vn 0.4973 -0.1099 0.8606
vn 0.5693 -0.1034 0.8156
vn 0.5868 -0.0248 0.8093
vn 0.5128 -0.0270 0.8581
vn 0.1842 0.2531 0.9497
vn 0.2782 0.2495 0.9276
vn 0.2773 0.3410 0.8982
vn 0.1822 0.3463 0.9203
vn 0.9665 0.2566 0.0003
vn 0.9729 0.2142 -0.0867
vn 0.9455 0.2991 -0.1284
vn 0.9396 0.3397 -0.0427
vn 0.8349 -0.3863 0.3920
vn 0.8466 -0.4273 0.3175
vn 0.8930 -0.3490 0.2843
vn 0.8797 -0.3077 0.3625
vn 0.9947 -0.0918 -0.0466
vn 0.9960 -0.0034 -0.0897
vn 0.9992 0.0396 -0.0015
vn 0.9980 -0.0487 0.0413
vn 0.7491 0.5625 -0.3500
vn 0.6797 0.6272 -0.3803
vn 0.6808 0.6636 -0.3101
vn 0.6455 -0.3856 -0.6593
vn 0.6445 -0.3131 -0.6976
vn 0.7178 -0.2808 -0.6371
vn 0.7185 -0.3511 -0.6004
vn -0.0785 -0.5247 -0.8477
vn -0.0821 -0.4385 -0.8950
vn 0.0160 -0.4367 -0.8995
vn 0.0194 -0.5227 -0.8523
vn -0.0917 0.2273 -0.9695
vn -0.0931 0.3226 -0.9420
vn -0.0106 0.2308 -0.9729
vn -0.0903 -0.1583 -0.9832
vn -0.0914 -0.0618 -0.9939
vn 0.0009 -0.0598 -0.9982
vn 0.0047 -0.1572 -0.9876
vn -0.4521 -0.1470 -0.8798
vn -0.4445 -0.0594 -0.8938
vn -0.3601 -0.0611 -0.9309
vn -0.3658 -0.1523 -0.9182
vn -0.4056 0.2013 -0.8916
vn -0.3982 0.2862 -0.8715
vn -0.3247 0.2981 -0.8976
vn -0.3301 0.2096 -0.9204
vn -0.0579 -0.8096 -0.5842
vn -0.0636 -0.7485 -0.6601
vn 0.0286 -0.7472 -0.6640
vn 0.0312 -0.8086 -0.5876
vn -0.4029 -0.7532 -0.5199
vn -0.4188 -0.6945 -0.5850
vn -0.3336 -0.7171 -0.6119
vn -0.3199 -0.7766 -0.5427
vn -0.4513 -0.4836 -0.7500
vn -0.4559 -0.4040 -0.7931
vn -0.3667 -0.4188 -0.8308
vn -0.3625 -0.5010 -0.7859
vn 0.6095 -0.6430 -0.4638
vn 0.6242 -0.5846 -0.5183
vn 0.6933 -0.5471 -0.4690
vn 0.6763 -0.6058 -0.4191
vn 0.2947 -0.7730 -0.5618
vn 0.3010 -0.7121 -0.6343
vn 0.3875 -0.6885 -0.6130
vn 0.3787 -0.7489 -0.5439
vn 0.3076 -0.4908 -0.8152
vn 0.3047 -0.4065 -0.8613
vn 0.3967 -0.3884 -0.8317
vn 0.3988 -0.4708 -0.7870
vn 0.9426 0.2568 -0.2136
vn 0.9064 0.3395 -0.2513
vn 0.9094 0.3803 -0.1685
vn 0.8452 0.0759 -0.5290
vn 0.8163 0.1559 -0.5562
vn 0.8501 0.2045 -0.4854
vn 0.8816 0.1230 -0.4557
vn 0.6920 0.3812 -0.6131
vn 0.6340 0.4442 -0.6330
vn 0.6515 0.4948 -0.5751
vn 0.7136 0.4308 -0.5524
vn 0.8958 -0.4268 0.1241
vn 0.9342 -0.3471 0.0825
vn 0.9372 -0.3071 0.1657
vn 0.8985 -0.3884 0.2045
vn 0.8122 -0.5483 -0.1993
vn 0.8421 -0.4794 -0.2472
vn 0.8765 -0.4517 -0.1663
vn 0.8435 -0.5237 -0.1194
vn 0.8885 -0.2514 -0.3838
vn 0.8890 -0.1706 -0.4249
vn 0.9296 -0.1302 -0.3449
vn 0.9286 -0.2141 -0.3030
vn 0.7632 -0.2491 0.5962
vn 0.7929 -0.2969 0.5320
vn 0.8323 -0.2184 0.5095
vn 0.7985 -0.1712 0.5771
vn -0.6708 -0.2033 0.7132
vn -0.6218 -0.1611 0.7664
vn -0.6482 -0.0878 0.7564
vn -0.7021 -0.1300 0.7001
vn 0.1914 -0.4891 0.8510
vn 0.1067 -0.4995 0.8597
vn 0.1134 -0.5801 0.8066
vn 0.2014 -0.5677 0.7982
vn 0.5302 -0.4731 0.7036
vn 0.4530 -0.5031 0.7360
vn 0.4691 -0.5674 0.6768
vn 0.5480 -0.5325 0.6451
vn -0.6034 -0.6828 0.4119
vn -0.6797 -0.6272 0.3802
vn -0.1534 -0.5818 0.7987
vn -0.2409 -0.5716 0.7844
vn -0.2470 -0.6441 0.7239
vn -0.1566 -0.6566 0.7378
vn -0.1602 -0.8424 0.5145
vn -0.2558 -0.8255 0.5031
vn -0.2550 -0.8716 0.4186
vn -0.1592 -0.8892 0.4289
vn -0.6678 -0.0365 -0.7434
vn -0.8267 0.0579 -0.5596
vn -0.8305 0.0447 -0.5553
vn -0.6714 -0.0496 -0.7394
vn -0.5781 0.8064 -0.1245
vn -0.6400 0.7600 -0.1131
vn -0.6326 0.7739 -0.0293
vn -0.5588 0.8285 -0.0354
vn -0.2920 0.9467 0.1359
vn -0.3726 0.9181 0.1347
vn -0.3561 0.9075 0.2230
vn -0.2790 0.9331 0.2271
vn -0.9515 0.3043 0.0452
vn -0.9308 0.3418 0.1298
vn -0.9035 0.4202 0.0840
vn -0.9228 0.3852 0.0008
vn 0.1701 0.6023 0.7799
vn 0.2645 0.5933 0.7603
vn 0.2558 0.6670 0.6998
vn 0.1632 0.6766 0.7181
vn 0.2218 0.8459 0.4851
vn 0.3043 0.8285 0.4702
vn 0.2864 0.8735 0.3936
vn 0.2076 0.8906 0.4045
vn -0.0312 0.8086 0.5876
vn 0.0579 0.8096 0.5842
vn 0.0521 0.8626 0.5032
vn 0.0458 0.9074 0.4178
vn -0.0227 0.6036 0.7970
vn 0.0741 0.6052 0.7926
vn 0.0692 0.6803 0.7297
vn -0.0258 0.6787 0.7340
vn 0.3625 0.5010 0.7859
vn 0.4514 0.4836 0.7499
vn 0.4437 0.5592 0.7003
vn 0.3554 0.5787 0.7340
vn -0.8855 0.4627 -0.0430
vn -0.8680 0.4951 0.0384
vn -0.8221 0.5690 -0.0203
vn -0.8371 0.5403 -0.0855
vn -0.6833 -0.6403 -0.3508
vn -0.7095 -0.5807 -0.3992
vn -0.6492 -0.6004 -0.4669
vn -0.6274 -0.6575 -0.4172
vn -0.8261 -0.5623 -0.0358
vn -0.8676 -0.4906 -0.0812
vn -0.8385 -0.5197 -0.1637
vn -0.7997 -0.5890 -0.1169
vn -0.9436 -0.2503 -0.2165
vn -0.9517 -0.1645 -0.2591
vn -0.9172 -0.2036 -0.3424
vn -0.9097 -0.2870 -0.3002
vn -0.8765 0.4517 0.1663
vn -0.8435 0.5237 0.1194
vn 0.6640 0.7452 -0.0623
vn 0.5910 0.7851 0.1853
vn 0.5830 0.7918 0.1821
vn 0.6559 0.7519 -0.0657
vn -0.9668 0.2228 -0.1253
vn -0.9636 0.2645 -0.0399
vn -0.9342 0.3471 -0.0825
vn -0.9372 0.3071 -0.1657
vn 0.1284 -0.9909 -0.0395
vn 0.1317 -0.9896 0.0581
vn 0.0397 -0.9974 0.0598
vn 0.0396 -0.9985 -0.0383
vn 0.4669 -0.8831 -0.0466
vn 0.4803 -0.8761 0.0409
vn 0.3975 -0.9164 0.0462
vn 0.3863 -0.9213 -0.0452
vn 0.5021 -0.8105 0.3017
vn 0.5021 -0.7744 0.3849
vn 0.4155 -0.8153 0.4032
vn 0.4155 -0.8525 0.3171
vn -0.5517 -0.8327 -0.0473
vn -0.5692 -0.8216 0.0312
vn -0.6415 -0.7669 0.0145
vn -0.6217 -0.7809 -0.0605
vn -0.2264 -0.9731 -0.0429
vn -0.2351 -0.9706 0.0514
vn -0.3236 -0.9450 0.0472
vn -0.3122 -0.9490 -0.0441
vn -0.2528 -0.9094 0.3302
vn -0.3484 -0.8456 0.4044
vn -0.3458 -0.8827 0.3182
vn 0.0650 0.7329 -0.6773
vn 0.0649 0.6633 -0.7456
vn -0.0275 0.6634 -0.7477
vn -0.0301 0.7334 -0.6792
vn -0.4932 0.5925 0.6370
vn -0.6930 0.5408 0.4767
vn -0.6893 0.5521 0.4690
vn -0.4892 0.6040 0.6291
vn 0.3793 0.3961 -0.8362
vn 0.3716 0.3168 -0.8727
vn 0.2973 0.3228 -0.8986
vn 0.3030 0.4064 -0.8620
vn -0.9286 0.2141 0.3030
vn -0.8886 0.2514 0.3837
vn -0.8803 0.3306 0.3403
vn -0.9192 0.2964 0.2591
vn -0.8647 0.4071 0.2942
vn -0.9018 0.3760 0.2130
vn -0.7068 0.6851 0.1764
vn -0.6745 0.6946 0.2502
vn -0.6313 0.7464 0.2107
vn -0.6584 0.7401 0.1370
vn -0.1243 0.9829 0.1357
vn -0.2089 0.9684 0.1363
vn -0.1998 0.9525 0.2297
vn -0.1192 0.9657 0.2309
vn -0.3242 0.8487 -0.4178
vn -0.4155 0.8153 -0.4032
vn -0.4157 0.8525 -0.3170
vn -0.3248 0.8866 -0.3294
vn -0.4974 0.8137 -0.3008
vn -0.4970 0.8407 -0.2149
vn -0.4128 0.8818 -0.2281
vn -0.6324 0.5501 -0.5455
vn -0.6223 0.4931 -0.6080
vn -0.6904 0.4415 -0.5731
vn -0.7090 0.4806 -0.5161
vn -0.3093 0.6887 -0.6557
vn -0.2995 0.6225 -0.7231
vn -0.3859 0.5976 -0.7028
vn -0.3977 0.6607 -0.6366
vn -0.2594 0.3949 -0.8814
vn -0.2490 0.3082 -0.9181
vn -0.3369 0.3810 -0.8610
vn -0.4066 0.9033 -0.1370
vn -0.4909 0.8617 -0.1283
vn -0.4803 0.8761 -0.0410
vn -0.3975 0.9164 -0.0462
vn 0.4874 0.8722 -0.0403
vn 0.4155 0.9088 -0.0386
vn 0.3956 0.9173 0.0453
vn 0.4756 0.8784 0.0466
vn 0.6772 0.6961 -0.2382
vn 0.6008 0.7543 -0.2645
vn 0.5941 0.7822 -0.1876
vn 0.6694 0.7245 -0.1643
vn -0.7485 -0.0792 -0.6584
vn -0.7329 -0.0025 -0.6804
vn -0.6719 -0.0396 -0.7396
vn -0.6842 -0.1151 -0.7202
vn -0.9218 0.0964 -0.3754
vn -0.8948 0.1814 -0.4080
vn -0.8651 0.1364 -0.4828
vn -0.8899 0.0528 -0.4531
vn -0.7707 0.4213 -0.4781
vn -0.7472 0.3728 -0.5502
vn 0.6040 0.7211 -0.3394
vn 0.5041 0.7804 -0.3700
vn 0.5125 0.8088 -0.2885
vn 0.0618 0.8983 -0.4350
vn -0.0363 0.8987 -0.4370
vn -0.0377 0.9372 -0.3467
vn 0.0603 0.9368 -0.3445
vn 0.7078 -0.3453 -0.6163
vn 0.7036 -0.3582 -0.6138
vn 0.8530 -0.3331 -0.4017
vn 0.8566 -0.3202 -0.4046
vn 0.0275 -0.6634 0.7477
vn -0.0649 -0.6631 0.7458
vn -0.0649 -0.7331 0.6771
vn 0.0301 -0.7330 0.6795
vn -0.1432 -0.3289 0.9335
vn -0.2211 -0.3269 0.9189
vn -0.2246 -0.4141 0.8821
vn -0.1444 -0.4187 0.8966
vn -0.0644 -0.3288 0.9422
vn -0.0631 -0.4209 0.9049
vn 0.6176 -0.0841 -0.7820
vn 0.6008 -0.0065 -0.7994
vn 0.6707 0.0136 -0.7416
vn 0.6890 -0.0607 -0.7222
vn 0.2850 -0.1336 -0.9492
vn 0.2738 -0.0403 -0.9609
vn 0.3610 -0.0324 -0.9320
vn 0.3739 -0.1229 -0.9193
vn 0.2316 0.2361 -0.9437
vn 0.2210 0.3269 -0.9189
vn 0.3097 0.2350 -0.9213
vn 0.2612 0.0535 -0.9638
vn 0.2474 0.1455 -0.9579
vn 0.3292 0.1474 -0.9327
vn 0.3461 0.0585 -0.9364
vn 0.0859 0.0428 -0.9954
vn 0.0785 0.1390 -0.9872
vn 0.1636 0.1426 -0.9762
vn 0.1743 0.0483 -0.9835
vn 0.0704 0.2337 -0.9698
vn 0.1431 0.3289 -0.9335
vn 0.1515 0.2357 -0.9599
vn 0.3004 -0.3182 -0.8992
vn 0.2945 -0.2265 -0.9284
vn 0.3843 -0.2137 -0.8981
vn 0.3918 -0.3024 -0.8689
vn 0.1101 -0.3403 -0.9339
vn 0.1053 -0.2467 -0.9634
vn 0.2008 -0.2378 -0.9503
vn 0.2063 -0.3309 -0.9209
vn 0.0996 -0.1514 -0.9834
vn 0.0930 -0.0547 -0.9942
vn 0.1842 -0.0477 -0.9817
vn 0.1932 -0.1430 -0.9707
vn 0.6395 -0.2384 -0.7309
vn 0.6305 -0.1618 -0.7591
vn 0.7031 -0.1351 -0.6982
vn 0.7127 -0.2087 -0.6697
vn 0.4794 -0.2837 -0.8305
vn 0.4714 -0.1981 -0.8594
vn 0.5535 -0.1808 -0.8130
vn 0.5621 -0.2623 -0.7844
vn 0.4596 -0.1109 -0.8812
vn 0.4451 -0.0241 -0.8952
vn 0.5252 -0.0154 -0.8508
vn 0.5410 -0.0980 -0.8353
vn -0.4531 -0.3827 0.8051
vn -0.5238 -0.3672 0.7687
vn -0.5459 -0.4276 0.7205
vn -0.4725 -0.4498 0.7579
vn -0.2973 -0.3228 0.8986
vn -0.3716 -0.3168 0.8727
vn -0.3793 -0.3960 0.8362
vn -0.3030 -0.4065 0.8619
vn 0.7074 -0.4879 0.5114
vn 0.6377 -0.5433 0.5460
vn 0.6495 -0.5900 0.4796
vn 0.7202 -0.5313 0.4462
vn 0.6569 -0.6328 0.4099
vn 0.7285 -0.5714 0.3780
vn 0.6438 -0.3410 0.6850
vn 0.5802 -0.3831 0.7188
vn 0.6032 -0.4393 0.6658
vn 0.6692 -0.3925 0.6310
vn -0.0215 0.2882 0.9573
vn -0.2721 0.3349 0.9021
vn -0.2672 0.3476 0.8987
vn -0.0169 0.3006 0.9536
vn 0.3558 -0.4569 0.8153
vn 0.2748 -0.4747 0.8362
vn 0.2879 -0.5505 0.7836
vn 0.3719 -0.5290 0.7628
vn -0.9064 -0.3396 0.2513
vn -0.8952 -0.2968 0.3324
vn -0.9305 -0.2140 0.2974
vn -0.9425 -0.2571 0.2137
vn -0.9697 -0.1717 0.1739
vn -0.9572 -0.1284 0.2594
vn -0.9748 -0.0415 0.2193
vn -0.9876 -0.0844 0.1322
vn 0.0278 -0.2756 -0.9609
vn -0.2244 -0.2093 -0.9518
vn -0.2293 -0.2223 -0.9476
vn 0.0231 -0.2886 -0.9572
vn -0.6658 -0.3292 0.6696
vn -0.6352 -0.2751 0.7217
vn -0.7076 -0.2569 0.6583
vn -0.6515 -0.4948 0.5751
vn -0.6340 -0.4442 0.6330
vn -0.6921 -0.3811 0.6130
vn -0.7136 -0.4307 0.5524
vn -0.7850 0.6106 -0.1045
vn -0.8042 0.5832 -0.1148
vn -0.7782 0.6254 -0.0576
vn 0.8278 -0.0907 0.5537
vn 0.8650 -0.1365 0.4828
vn 0.8899 -0.0528 0.4531
vn 0.8501 -0.0086 0.5265
vn 0.7589 0.1563 0.6322
vn 0.8159 0.1163 0.5664
vn 0.8227 0.1963 0.5336
vn 0.7640 0.2324 0.6019
vn 0.7219 -0.3251 0.6109
vn 0.6919 -0.2753 0.6675
vn 0.7824 -0.4614 0.4183
vn 0.7923 -0.5013 0.3477
vn 0.8595 -0.2641 0.4376
vn 0.8948 -0.1814 0.4080
vn -0.8595 0.2641 -0.4376
vn -0.8143 0.3565 -0.4580
vn -0.7930 0.2969 -0.5320
vn -0.8323 0.2184 -0.5094
vn -0.8933 0.3478 -0.2847
vn -0.8552 0.4133 -0.3128
vn -0.8316 0.3897 -0.3956
vn -0.8797 0.3078 -0.3625
vn 0.4778 0.7715 0.4201
vn 0.3321 0.7054 0.6262
vn 0.3246 0.7116 0.6231
vn 0.4706 0.7777 0.4168
vn -0.9505 -0.0777 -0.3007
vn -0.9406 0.0094 -0.3394
vn -0.9072 -0.0330 -0.4193
vn -0.9164 -0.1186 -0.3822
vn -0.9916 0.0063 -0.1295
vn -0.9807 0.0946 -0.1711
vn -0.9652 0.0521 -0.2563
vn -0.9757 -0.0359 -0.2163
vn -0.9605 0.1816 -0.2108
vn -0.9312 0.2666 -0.2485
vn -0.9169 0.2249 -0.3296
vn -0.9454 0.1396 -0.2944
vn -0.7640 -0.2324 -0.6019
vn -0.7589 -0.1563 -0.6322
vn -0.6923 -0.1905 -0.6961
vn -0.6960 -0.2645 -0.6676
vn -0.8737 -0.1583 -0.4600
vn -0.8655 -0.0751 -0.4953
vn -0.8160 -0.1162 -0.5662
vn -0.8227 -0.1963 -0.5336
vn -0.8501 0.0087 -0.5265
vn -0.8278 0.0906 -0.5536
vn -0.7837 0.0442 -0.6196
vn -0.8028 -0.0355 -0.5952
vn 0.8170 -0.3427 0.4637
vn 0.8164 0.3519 0.4578
vn 0.8670 0.3211 0.3810
vn 0.8524 0.3992 0.3376
vn 0.8034 0.4266 0.4155
vn 0.6953 0.3368 0.6349
vn 0.7636 0.3070 0.5680
vn 0.7581 0.3796 0.5303
vn 0.6902 0.4070 0.5983
vn 0.6670 0.5394 0.5139
vn 0.7308 0.5173 0.4454
vn 0.7095 0.5807 0.3992
vn 0.6492 0.6004 0.4669
vn 0.9517 0.1645 0.2591
vn 0.9769 0.1240 0.1739
vn 0.9686 0.2115 0.1309
vn 0.9436 0.2503 0.2165
vn 0.2727 0.0620 0.9601
vn 0.3601 0.0611 0.9309
vn 0.3659 0.1522 0.9181
vn 0.2764 0.1560 0.9483
vn -0.0123 0.3462 0.9381
vn 0.0856 0.3481 0.9336
vn 0.0821 0.4385 0.8950
vn -0.0160 0.4367 0.8995
vn 0.0106 -0.2308 0.9729
vn 0.0917 -0.2273 0.9695
vn 0.0923 -0.1322 0.9869
vn 0.0069 -0.1356 0.9907
vn 0.4784 -0.1918 0.8570
vn 0.5480 -0.1811 0.8166
vn -0.2879 0.5505 -0.7836
vn -0.2748 0.4747 -0.8362
vn -0.3558 0.4569 -0.8153
vn -0.3719 0.5290 -0.7628
vn -0.1133 0.5803 -0.8065
vn -0.1067 0.4995 -0.8597
vn -0.1914 0.4890 -0.8510
vn -0.2014 0.5677 -0.7982
vn -0.0990 0.4144 -0.9047
vn -0.1716 0.3164 -0.9330
vn -0.1798 0.4060 -0.8960
vn -0.3219 0.8026 -0.5022
vn -0.3171 0.7490 -0.5817
vn -0.4068 0.7189 -0.5636
vn -0.4125 0.7707 -0.4857
vn -0.1322 0.8433 -0.5210
vn -0.1291 0.7879 -0.6021
vn -0.2242 0.7722 -0.5945
vn -0.2284 0.8268 -0.5141
vn -0.1249 0.7253 -0.6770
vn -0.1195 0.6558 -0.7454
vn -0.2104 0.6420 -0.7373
vn -0.2181 0.7102 -0.6693
vn -0.0235 0.4432 0.8961
vn -0.0158 0.4366 0.8995
vn -0.1943 0.2526 0.9479
vn -0.2021 0.2587 0.9446
vn -0.4944 0.7327 -0.4676
vn -0.4913 0.6819 -0.5419
vn -0.5737 0.6342 -0.5183
vn -0.5581 0.6978 -0.4489
vn -0.4824 0.6270 -0.6117
vn -0.4691 0.5673 -0.6768
vn -0.5480 0.5325 -0.6451
vn -0.5701 0.5886 -0.5732
vn 0.5373 -0.2571 0.8032
vn 0.5887 -0.2439 0.7707
vn 0.6106 -0.1858 0.7698
vn -0.5252 0.0153 0.8508
vn -0.4451 0.0242 0.8952
vn -0.4595 0.1110 0.8812
vn -0.5410 0.0980 0.8353
vn -0.7031 0.1351 0.6982
vn -0.6305 0.1618 0.7591
vn -0.6395 0.2384 0.7309
vn -0.7127 0.2088 0.6697
vn -0.4591 -0.2289 0.8584
vn -0.3857 -0.2327 0.8928
vn -0.5568 -0.1480 0.8174
vn -0.5806 -0.0711 0.8111
vn -0.1515 -0.2355 0.9600
vn -0.2316 -0.2361 0.9437
vn -0.3292 -0.1474 0.9327
vn -0.2474 -0.1454 0.9579
vn -0.2612 -0.0535 0.9638
vn -0.3461 -0.0585 0.9364
vn -0.5910 0.6968 0.4065
vn -0.5202 0.7371 0.4314
vn -0.5002 0.7852 0.3651
vn -0.5686 0.7459 0.3468
vn -0.5671 0.3415 0.7495
vn -0.4846 0.3666 0.7942
vn -0.4860 0.4464 0.7513
vn -0.5684 0.4180 0.7086
vn -0.8203 0.5391 -0.1909
vn -0.8580 0.4895 -0.1560
vn -0.2136 0.5063 0.8355
vn -0.1172 0.5169 0.8480
vn -0.1195 0.5980 0.7926
vn -0.2149 0.5870 0.7805
vn -0.3941 0.6220 0.6766
vn -0.3056 0.6447 0.7007
vn -0.3010 0.7122 0.6342
vn -0.3875 0.6886 0.6129
vn -0.3080 0.5704 0.7614
vn -0.2140 0.6615 0.7187
vn -0.1931 0.1433 0.9707
vn -0.0996 0.1515 0.9834
vn -0.1053 0.2467 0.9634
vn -0.2005 0.2384 0.9502
vn -0.0009 0.0598 0.9982
vn -0.0047 0.1568 0.9876
vn -0.2942 0.2268 0.9284
vn -0.2065 0.3307 0.9208
vn -0.3007 0.3181 0.8991
vn 0.4520 0.1471 0.8798
vn 0.4570 0.2348 0.8579
vn 0.3691 0.2435 0.8969
vn 0.8458 0.5315 -0.0456
vn 0.8589 0.4962 -0.1267
vn 0.7950 0.6002 -0.0876
vn 0.4095 0.5373 -0.7373
vn 0.3958 0.4685 -0.7898
vn 0.3161 0.4835 -0.8163
vn 0.3266 0.5567 -0.7638
vn 0.5644 0.4856 -0.6675
vn 0.5458 0.4278 -0.7205
vn 0.4726 0.4498 -0.7579
vn 0.4889 0.5135 -0.7052
vn 0.5239 0.3669 -0.7687
vn 0.4436 0.3087 -0.8414
vn 0.4531 0.3828 -0.8051
vn -0.9709 0.1905 -0.1453
vn -0.9352 0.0353 -0.3523
vn -0.9313 0.0464 -0.3613
vn -0.9673 0.2015 -0.1539
vn 0.6035 0.6828 -0.4119
vn 0.5992 0.6396 -0.4815
vn 0.5286 0.6785 -0.5102
vn 0.5152 0.7341 -0.4423
vn 0.5910 0.5921 -0.5479
vn 0.5794 0.5407 -0.6098
vn 0.4982 0.5780 -0.6463
vn 0.5110 0.6267 -0.5883
vn 0.0634 0.8510 -0.5213
vn 0.0644 0.7960 -0.6018
vn -0.0325 0.7963 -0.6040
vn -0.0346 0.8516 -0.5231
vn 0.4737 0.7036 -0.5296
vn 0.4620 0.6458 -0.6079
vn 0.4636 0.6830 -0.5645
vn 0.2299 0.7016 -0.6745
vn 0.2435 0.6403 -0.7285
vn 0.1530 0.6543 -0.7406
vn 0.1527 0.7237 -0.6730
vn -0.2430 -0.9591 0.1452
vn -0.2490 -0.9386 0.2387
vn -0.3410 -0.9117 0.2292
vn -0.3333 -0.9326 0.1381
vn -0.0557 -0.9863 0.1554
vn -0.0582 -0.9662 0.2512
vn -0.1545 -0.9569 0.2459
vn -0.1500 -0.9771 0.1510
vn -0.0603 -0.9368 0.3446
vn -0.0618 -0.8983 0.4350
vn -0.1575 -0.9275 0.3389
vn -0.2049 -0.9522 -0.2264
vn -0.2165 -0.9669 -0.1353
vn -0.2992 -0.9448 -0.1337
vn -0.2838 -0.9328 -0.2222
vn -0.0430 -0.9721 -0.2306
vn -0.0465 -0.9897 -0.1356
vn -0.1320 -0.9819 -0.1359
vn -0.1244 -0.9654 -0.2293
vn -0.0496 -0.9980 -0.0391
vn -0.0527 -0.9969 0.0581
vn -0.1445 -0.9880 0.0553
vn -0.1385 -0.9895 -0.0410
vn -0.5066 -0.8382 -0.2018
vn -0.5309 -0.8382 -0.1250
vn -0.5981 -0.7899 -0.1351
vn -0.5708 -0.7941 -0.2088
vn -0.3606 -0.9072 -0.2166
vn -0.3795 -0.9158 -0.1316
vn -0.4568 -0.8802 -0.1287
vn -0.4351 -0.8756 -0.2100
vn -0.3957 -0.9173 -0.0454
vn -0.4093 -0.9114 0.0423
vn -0.4913 -0.8702 0.0370
vn -0.4756 -0.8784 -0.0465
vn 0.4909 -0.8617 0.1283
vn 0.4983 -0.8397 0.2160
vn 0.4129 -0.8818 0.2280
vn 0.4065 -0.9033 0.1371
vn 0.6455 -0.7561 0.1076
vn 0.6547 -0.7327 0.1857
vn 0.5793 -0.7898 0.2018
vn 0.5708 -0.8125 0.1185
vn 0.6595 -0.7043 0.2626
vn 0.6602 -0.6710 0.3375
vn 0.5839 -0.7262 0.3629
vn 0.5836 -0.7609 0.2835
vn 0.4307 -0.8758 -0.2179
vn 0.4505 -0.8828 -0.1329
vn 0.3727 -0.9181 -0.1348
vn 0.3561 -0.9074 -0.2231
vn 0.5708 -0.7955 -0.2034
vn 0.5951 -0.7936 -0.1266
vn 0.5248 -0.8412 -0.1302
vn 0.5024 -0.8384 -0.2114
vn 0.6157 -0.7864 -0.0490
vn 0.6325 -0.7740 0.0294
vn 0.5588 -0.8285 0.0354
vn 0.5436 -0.8380 -0.0481
vn 0.1191 -0.9657 -0.2307
vn 0.1243 -0.9829 -0.1358
vn 0.0391 -0.9901 -0.1352
vn 0.0382 -0.9722 -0.2310
vn 0.2790 -0.9330 -0.2272
vn 0.2920 -0.9467 -0.1358
vn 0.2089 -0.9684 -0.1363
vn 0.1998 -0.9525 -0.2297
vn 0.3026 -0.9521 -0.0436
vn 0.3114 -0.9489 0.0507
vn 0.2225 -0.9734 0.0547
vn 0.2163 -0.9754 -0.0415
vn 0.7778 0.6285 -0.0085
vn 0.7371 0.6635 -0.1287
vn 0.7227 0.6891 -0.0526
vn 0.9169 -0.2249 0.3296
vn 0.9455 -0.1395 0.2944
vn 0.9217 -0.0966 0.3757
vn 0.9406 -0.0094 0.3394
vn 0.9651 -0.0523 0.2567
vn 0.9757 0.0359 0.2163
vn 0.9505 0.0777 0.3007
vn -0.8672 0.0063 0.4980
vn -0.8208 0.0513 0.5689
vn -0.8341 0.1305 0.5360
vn -0.8820 0.0887 0.4628
vn -0.9218 0.0457 0.3849
vn -0.8893 0.1704 0.4245
vn -0.9294 0.1303 0.3452
vn 0.4068 -0.7189 0.5636
vn 0.3170 -0.7491 0.5817
vn 0.3219 -0.8026 0.5022
vn 0.4125 -0.7707 0.4857
vn -0.3352 -0.6262 0.7039
vn -0.4206 -0.6027 0.6782
vn -0.4293 -0.6632 0.6131
vn -0.3422 -0.6901 0.6377
vn -0.5021 -0.5743 0.6466
vn -0.5125 -0.6304 0.5831
vn 0.2314 0.9718 -0.0457
vn 0.1408 0.9887 -0.0519
vn 0.1385 0.9895 0.0411
vn 0.2263 0.9731 0.0428
vn -0.9011 -0.4147 -0.1271
vn -0.9266 -0.3340 -0.1726
vn -0.8936 -0.3684 -0.2564
vn -0.8697 -0.4465 -0.2104
vn -0.9395 -0.3399 0.0427
vn -0.9665 -0.2566 -0.0003
vn -0.9511 -0.2964 -0.0869
vn -0.9244 -0.3790 -0.0423
vn -0.9845 -0.1698 -0.0438
vn -0.9928 -0.0823 -0.0867
vn -0.9769 -0.1240 -0.1739
vn -0.9686 -0.2115 -0.1309
vn -0.7227 -0.6892 0.0526
vn -0.7777 -0.6286 0.0085
vn -0.7546 -0.6524 -0.0704
vn -0.7033 -0.7105 -0.0235
vn -0.7465 -0.6334 0.2041
vn -0.8063 -0.5676 0.1662
vn -0.7950 -0.6003 0.0877
vn -0.7370 -0.6635 0.1287
vn -0.8588 -0.4964 0.1268
vn -0.9035 -0.4200 0.0853
vn -0.8894 -0.4572 0.0020
vn -0.8457 -0.5317 0.0456
vn -0.6180 -0.7460 -0.2482
vn -0.6529 -0.6953 -0.3004
vn -0.6018 -0.7104 -0.3649
vn -0.5724 -0.7589 -0.3105
vn -0.6794 -0.7270 -0.0993
vn -0.7260 -0.6715 -0.1486
vn -0.6919 -0.6859 -0.2254
vn -0.6509 -0.7389 -0.1744
vn -0.7669 -0.6108 -0.1969
vn -0.8022 -0.5446 -0.2447
vn -0.7591 -0.5650 -0.3234
vn -0.7280 -0.6280 -0.2749
vn -0.7003 0.7137 -0.0125
vn -0.6815 0.7292 0.0625
vn -0.6158 0.7864 0.0490
vn -0.4669 0.8831 0.0467
vn -0.3862 0.9213 0.0451
vn -0.8005 0.5031 0.3257
vn -0.7521 0.5227 0.4015
vn -0.7309 0.5842 0.3529
vn -0.7746 0.5684 0.2772
vn -0.8420 0.4795 0.2472
vn -0.8123 0.5482 0.1993
vn 0.5774 0.6323 0.5165
vn 0.6274 0.6575 0.4172
vn 0.5581 0.6893 0.4619
vn 0.3844 0.8050 0.4518
vn 0.4615 0.7761 0.4299
vn 0.4374 0.8224 0.3638
vn 0.3631 0.8507 0.3801
vn -0.5436 0.8380 0.0481
vn -0.5248 0.8412 0.1302
vn -0.4505 0.8828 0.1328
vn -0.5952 0.7935 0.1267
vn 0.2284 -0.8268 0.5141
vn 0.2304 -0.8738 0.4283
vn 0.3246 -0.8486 0.4178
vn -0.8452 -0.0759 0.5290
vn -0.8013 -0.0282 0.5976
vn 0.6112 0.1329 0.7802
vn 0.6842 0.1151 0.7202
vn -0.2850 0.1336 0.9492
vn -0.3987 0.4708 0.7870
vn -0.3981 0.5489 0.7350
vn -0.4846 0.5223 0.7016
vn -0.6353 0.5222 0.5690
vn -0.6243 0.5846 0.5182
vn -0.5295 -0.2238 0.8183
vn -0.5622 0.2622 0.7843
vn -0.6445 0.3131 0.6975
vn 0.0903 0.1588 0.9832
vn 0.1842 0.1581 0.9701
vn 0.0883 0.2549 0.9629
vn 0.9011 0.4145 0.1271
vn 0.9246 0.3787 0.0424
vn 0.8894 0.4571 -0.0020
vn 0.8676 0.4905 0.0813
vn 0.7669 0.6109 0.1969
vn 0.7997 0.5890 0.1169
vn 0.7545 0.6525 0.0704
vn 0.7258 0.6716 0.1486
vn 0.7674 -0.4183 0.4859
vn 0.7485 0.0792 0.6584
vn 0.8029 0.0355 0.5951
vn -0.7490 -0.5625 0.3500
vn -0.7422 -0.5218 0.4205
vn -0.8004 -0.4513 0.3946
vn -0.8091 -0.4929 0.3200
vn 0.2594 -0.3948 0.8814
vn 0.1798 -0.4060 0.8960
vn 0.4121 -0.3645 0.8351
vn 0.3369 -0.3811 0.8610
vn 0.4342 -0.4354 0.7886
vn -0.3160 -0.4835 0.8163
vn -0.2337 -0.4949 0.8369
vn -0.1495 -0.5026 0.8515
vn -0.0642 -0.5063 0.8600
vn -0.9719 0.2184 -0.0877
vn -0.9684 0.2321 -0.0909
vn -0.9406 0.2995 0.1601
vn -0.9444 0.2856 0.1632
vn -0.1354 0.9291 -0.3443
vn -0.2312 0.9121 -0.3385
vn -0.2306 0.9416 -0.2453
vn -0.1354 0.9585 -0.2510
vn -0.1939 0.9263 0.3232
vn -0.1154 0.9383 0.3261
vn 0.6149 0.4356 0.6574
vn 0.6808 0.4747 0.5578
vn 0.6061 0.5050 0.6145
vn 0.4325 0.6300 0.6450
vn 0.5153 0.6032 0.6088
vn 0.5003 0.6662 0.5531
vn 0.4188 0.6945 0.5850
vn 0.2342 0.7939 0.5612
vn 0.3198 0.7766 0.5428
vn -0.7681 0.4578 0.4477
vn -0.7061 0.4849 0.5160
vn -0.6933 0.5471 0.4690
vn -0.3265 -0.5567 0.7638
vn 0.0245 -0.5870 0.8092
vn 0.1195 -0.6560 0.7452
vn 0.6793 0.7271 0.0993
vn 0.7034 0.7104 0.0235
vn 0.6415 0.7669 -0.0145
vn 0.6217 0.7809 0.0605
vn 0.9312 -0.2666 0.2485
vn -0.3610 0.0324 0.9320
vn -0.7781 0.1712 0.6043
vn -0.7178 0.2808 0.6371
vn -0.7840 0.2455 0.5702
vn 0.3695 0.3325 0.8677
vn 0.3672 0.4187 0.8306
vn 0.2741 0.4295 0.8605
vn 0.0785 0.5247 0.8477
vn 0.1754 0.5217 0.8349
vn -0.3026 0.9521 0.0436
vn -0.5876 -0.3351 0.7365
vn -0.6127 -0.3908 0.6869
vn 0.6223 -0.4931 0.6080
vn 0.6181 0.7459 0.2482
vn 0.6508 0.7389 0.1744
vn 0.5981 0.7899 0.1351
vn 0.5708 0.7941 0.2088
vn -0.3740 0.1228 0.9192
vn -0.3846 0.2135 0.8981
vn -0.4712 0.1982 0.8595
vn -0.6095 0.6430 0.4638
vn -0.5367 0.6837 0.4945
vn 0.4581 0.3208 0.8290
vn 0.5420 0.3061 0.7827
vn 0.5405 0.3855 0.7478
vn 0.4560 0.4040 0.7930
vn -0.6763 0.6058 0.4191
vn -0.6550 0.6606 0.3669
vn -0.7050 0.6415 0.3025
vn -0.7574 0.6525 0.0258
vn -0.7345 0.6710 0.1015
vn 0.8647 -0.4070 -0.2942
vn 0.8803 -0.3306 -0.3402
vn 0.9191 -0.2966 -0.2593
vn 0.9017 -0.3762 -0.2130
vn 0.7680 -0.4579 -0.4478
vn 0.7788 -0.3894 -0.4918
vn 0.8333 -0.3617 -0.4180
vn 0.8201 -0.4343 -0.3726
vn 0.7841 -0.3185 -0.5327
vn 0.7839 -0.2456 -0.5703
vn 0.8405 -0.2091 -0.4998
vn 0.8403 -0.2862 -0.4603
vn 0.7346 -0.6709 -0.1015
vn 0.7764 -0.6119 -0.1509
vn 0.8037 -0.5905 -0.0728
vn 0.7574 -0.6525 -0.0258
vn 0.6744 -0.6947 -0.2502
vn 0.7049 -0.6416 -0.3025
vn 0.7433 -0.6290 -0.2275
vn 0.7068 -0.6851 -0.1764
vn 0.7308 -0.5842 -0.3529
vn 0.7520 -0.5228 -0.4015
vn 0.8004 -0.5032 -0.3257
vn 0.7747 -0.5683 -0.2772
vn 0.7949 -0.5723 0.2017
vn 0.8493 -0.5018 0.1637
vn 0.8516 -0.4654 0.2411
vn 0.7966 -0.5382 0.2754
vn 0.7751 -0.6298 0.0503
vn 0.8251 -0.5650 0.0060
vn 0.8403 -0.5353 0.0852
vn 0.7877 -0.6030 0.1264
vn 0.8679 -0.4952 -0.0384
vn 0.9035 -0.4203 -0.0839
vn 0.9228 -0.3853 -0.0007
vn 0.8854 -0.4628 0.0430
vn 0.7807 0.2339 -0.5795
vn 0.7392 0.3087 -0.5985
vn 0.7654 0.3587 -0.5343
vn 0.8109 0.2836 -0.5118
vn 0.7020 0.1300 -0.7002
vn 0.6708 0.2033 -0.7133
vn 0.7076 0.2569 -0.6583
vn 0.7443 0.1826 -0.6423
vn 0.6352 0.2751 -0.7217
vn 0.5876 0.3351 -0.7365
vn 0.6127 0.3908 -0.6869
vn 0.6657 0.3292 -0.6697
vn 0.8820 -0.0887 -0.4628
vn 0.8672 -0.0063 -0.4979
vn 0.9057 0.0389 -0.4222
vn 0.9218 -0.0457 -0.3849
vn 0.7781 -0.1712 -0.6043
vn 0.7669 -0.0958 -0.6346
vn 0.8209 -0.0513 -0.5688
vn 0.8340 -0.1306 -0.5360
vn 0.7505 -0.0197 -0.6606
vn 0.7287 0.0555 -0.6826
vn 0.7758 0.1061 -0.6220
vn 0.8013 0.0282 -0.5976
vn 0.9875 0.0848 -0.1325
vn 0.9697 0.1717 -0.1739
vn 0.9908 0.1279 -0.0445
vn 0.9528 -0.0021 -0.3035
vn 0.9357 0.0840 -0.3426
vn 0.9571 0.1286 -0.2597
vn 0.9748 0.0415 -0.2193
vn 0.9101 0.1691 -0.3783
vn 0.8764 0.2516 -0.4106
vn 0.8952 0.2968 -0.3324
vn 0.9305 0.2140 -0.2973
vn 0.3056 -0.6446 -0.7008
vn 0.3079 -0.5703 -0.7615
vn 0.3981 -0.5489 -0.7350
vn 0.3942 -0.6220 -0.6765
vn 0.1206 -0.6727 -0.7300
vn 0.1195 -0.5980 -0.7926
vn 0.2149 -0.5870 -0.7805
vn 0.2141 -0.6617 -0.7185
vn 0.1172 -0.5169 -0.8480
vn 0.1139 -0.4307 -0.8953
vn 0.2105 -0.4206 -0.8825
vn 0.2136 -0.5063 -0.8355
vn 0.2763 -0.8714 -0.4053
vn 0.2867 -0.8258 -0.4857
vn 0.3675 -0.8018 -0.4711
vn 0.3535 -0.8481 -0.3946
vn 0.1163 -0.9010 -0.4180
vn 0.1187 -0.8558 -0.5035
vn 0.2035 -0.8439 -0.4964
vn 0.1970 -0.8892 -0.4130
vn 0.1201 -0.8026 -0.5843
vn 0.1207 -0.7412 -0.6603
vn 0.2117 -0.7298 -0.6500
vn 0.2082 -0.7909 -0.5755
vn 0.5686 -0.7459 -0.3468
vn 0.5909 -0.6967 -0.4067
vn 0.6550 -0.6606 -0.3669
vn 0.6298 -0.7112 -0.3124
vn 0.4282 -0.8193 -0.3813
vn 0.4456 -0.7722 -0.4529
vn 0.5202 -0.7371 -0.4314
vn 0.5001 -0.7852 -0.3652
vn 0.4597 -0.7190 -0.5213
vn 0.4708 -0.6593 -0.5862
vn 0.5499 -0.6246 -0.5545
vn 0.5368 -0.6837 -0.4944
vn -0.4324 -0.6300 -0.6450
vn -0.4436 -0.5591 -0.7004
vn -0.3556 -0.5788 -0.7339
vn -0.3457 -0.6514 -0.6754
vn -0.5936 -0.5709 -0.5672
vn -0.6062 -0.5050 -0.6144
vn -0.5274 -0.5345 -0.6604
vn -0.5153 -0.6032 -0.6088
vn -0.6149 -0.4356 -0.6574
vn -0.6198 -0.3633 -0.6956
vn -0.5405 -0.3855 -0.7478
vn -0.5358 -0.4618 -0.7069
vn -0.3632 -0.8508 -0.3799
vn -0.3845 -0.8051 -0.4516
vn -0.3042 -0.8285 -0.4702
vn -0.2863 -0.8735 -0.3937
vn -0.5088 -0.7886 -0.3452
vn -0.5351 -0.7414 -0.4050
vn -0.4615 -0.7761 -0.4299
vn -0.4375 -0.8224 -0.3636
vn -0.5580 -0.6893 -0.4620
vn -0.5775 -0.6323 -0.5164
vn -0.5003 -0.6662 -0.5531
vn -0.4824 -0.7241 -0.4929
vn -0.0458 -0.9074 -0.4179
vn -0.0521 -0.8626 -0.5033
vn 0.0334 -0.8621 -0.5056
vn 0.0353 -0.9069 -0.4198
vn -0.2076 -0.8907 -0.4045
vn -0.2219 -0.8460 -0.4848
vn -0.1375 -0.8574 -0.4959
vn -0.1272 -0.9020 -0.4126
vn -0.2342 -0.7939 -0.5611
vn -0.2455 -0.7338 -0.6335
vn -0.1552 -0.7443 -0.6496
vn -0.1467 -0.8050 -0.5749
vn -0.4344 0.0288 -0.9002
vn -0.4216 0.1155 -0.8994
vn -0.3427 0.1208 -0.9317
vn -0.3525 0.0307 -0.9353
vn -0.5868 0.0248 -0.8093
vn -0.5692 0.1033 -0.8156
vn -0.4972 0.1098 -0.8607
vn -0.5127 0.0270 -0.8581
vn -0.5480 0.1811 -0.8166
vn -0.4692 0.2725 -0.8400
vn -0.4784 0.1918 -0.8569
vn -0.4579 -0.3209 -0.8291
vn -0.4568 -0.2349 -0.8580
vn -0.3689 -0.2436 -0.8970
vn -0.3694 -0.3326 -0.8677
vn -0.6208 -0.2884 -0.7290
vn -0.6181 -0.2114 -0.7572
vn -0.5400 -0.2242 -0.8113
vn -0.5421 -0.3060 -0.7826
vn -0.6112 -0.1329 -0.7802
vn -0.6009 -0.0542 -0.7975
vn -0.5249 -0.0570 -0.8492
vn -0.5340 -0.1406 -0.8337
vn -0.0856 -0.3481 -0.9336
vn -0.0883 -0.2544 -0.9631
vn 0.0086 -0.2530 -0.9674
vn 0.0123 -0.3462 -0.9381
vn -0.2776 -0.3409 -0.8982
vn -0.2784 -0.2493 -0.9276
vn -0.1842 -0.2531 -0.9497
vn -0.1822 -0.3463 -0.9203
vn -0.2763 -0.1560 -0.9483
vn -0.2727 -0.0619 -0.9601
vn -0.1828 -0.0622 -0.9812
vn -0.1841 -0.1582 -0.9701
vn -0.0921 0.0358 -0.9951
vn -0.0923 0.1322 -0.9869
vn -0.0069 0.1356 -0.9907
vn -0.0030 0.0382 -0.9993
vn -0.2676 0.0325 -0.9630
vn -0.2611 0.1253 -0.9571
vn -0.1774 0.1292 -0.9756
vn -0.1806 0.0343 -0.9830
vn -0.2524 0.2169 -0.9430
vn -0.1726 0.2229 -0.9594
vn -0.0692 -0.6804 -0.7296
vn -0.0741 -0.6057 -0.7923
vn 0.0227 -0.6040 -0.7967
vn 0.0258 -0.6787 -0.7340
vn -0.2557 -0.6669 -0.6999
vn -0.2642 -0.5931 -0.7605
vn -0.1699 -0.6019 -0.7803
vn -0.1632 -0.6766 -0.7181
vn -0.2703 -0.5138 -0.8142
vn -0.2745 -0.4294 -0.8604
vn -0.1792 -0.4360 -0.8819
vn -0.1754 -0.5217 -0.8349
vn 0.6352 -0.5222 -0.5691
vn 0.6424 -0.4555 -0.6164
vn 0.7145 -0.4194 -0.5600
vn 0.7061 -0.4849 -0.5160
vn 0.4791 -0.5939 -0.6463
vn 0.4845 -0.5223 -0.7017
vn 0.5660 -0.4911 -0.6621
vn 0.5597 -0.5605 -0.6104
vn 0.4860 -0.4464 -0.7513
vn 0.4840 -0.3668 -0.7945
vn 0.5670 -0.3415 -0.7496
vn 0.5684 -0.4180 -0.7086
vn 0.8617 0.4185 -0.2869
vn 0.8091 0.4929 -0.3200
vn 0.8643 0.4583 -0.2072
vn 0.8346 0.3312 -0.4402
vn 0.7858 0.4063 -0.4662
vn 0.8004 0.4513 -0.3946
vn 0.8515 0.3764 -0.3650
vn 0.7304 0.4777 -0.4882
vn 0.6650 0.5424 -0.5135
vn 0.6744 0.5866 -0.4484
vn 0.7422 0.5219 -0.4205
vn 0.9636 -0.2644 0.0399
vn 0.9838 -0.1793 -0.0032
vn 0.9871 -0.1364 0.0837
vn 0.9666 -0.2232 0.1255
vn 0.9307 -0.3420 -0.1299
vn 0.9497 -0.2596 -0.1754
vn 0.9712 -0.2206 -0.0899
vn 0.9514 -0.3045 -0.0452
vn 0.9597 -0.1752 -0.2199
vn 0.9609 -0.0887 -0.2623
vn 0.9831 -0.0463 -0.1769
vn 0.9819 -0.1341 -0.1339
vn -0.5910 -0.5920 0.5479
vn -0.5992 -0.6396 0.4815
vn -0.5197 -0.6824 0.5140
vn 0.2104 -0.6420 0.7373
vn 0.1249 -0.7255 0.6768
vn 0.2182 -0.7101 0.6694
vn 0.4445 0.0593 0.8938
vn 0.5250 0.0569 0.8492
vn 0.5341 0.1406 0.8336
vn -0.3675 0.8018 0.4712
vn -0.2867 0.8258 0.4856
vn -0.2763 0.8714 0.4053
vn -0.3535 0.8481 0.3946
vn -0.5661 0.4911 0.6620
vn -0.3097 -0.2350 0.9213
vn -0.5651 -0.2896 0.7725
vn -0.5128 -0.2988 0.8048
vn -0.5916 -0.2335 0.7717
vn 0.3525 -0.0308 0.9353
vn 0.4345 -0.0288 0.9002
vn 0.1726 -0.2228 0.9595
vn 0.2524 -0.2168 0.9430
vn 0.2610 -0.1252 0.9572
vn 0.1774 -0.1292 0.9756
vn 0.9928 0.0823 0.0867
vn 0.9844 0.1703 0.0436
vn 0.6904 -0.4416 0.5730
vn 0.7472 -0.3728 0.5502
vn -0.7653 -0.3588 0.5344
vn -0.7393 -0.3087 0.5985
vn -0.7807 -0.2338 0.5795
vn -0.8109 -0.2836 0.5119
vn 0.1291 -0.7882 0.6017
vn 0.0325 -0.7963 0.6040
vn 0.0346 -0.8516 0.5231
vn 0.1322 -0.8433 0.5210
vn -0.6744 -0.5866 0.4483
vn -0.6650 -0.5424 0.5135
vn -0.7304 -0.4777 0.4882
vn 0.1716 -0.3164 0.9330
vn 0.0930 -0.3226 0.9420
vn 0.0990 -0.4143 0.9047
vn 0.5737 -0.6390 0.5124
vn 0.5808 -0.6853 0.4393
vn -0.7308 -0.5172 -0.4454
vn -0.7470 -0.4500 -0.4895
vn -0.6808 -0.4747 -0.5578
vn -0.6670 -0.5394 -0.5139
vn -0.8306 -0.4744 -0.2917
vn -0.8523 -0.3994 -0.3377
vn -0.8034 -0.4266 -0.4155
vn -0.7841 -0.4980 -0.3702
vn -0.8670 -0.3211 -0.3810
vn -0.8742 -0.2404 -0.4218
vn -0.8229 -0.2750 -0.4972
vn -0.8163 -0.3520 -0.4579
vn -0.2519 -0.7109 0.6566
vn 0.5831 0.8050 -0.1096
vn 0.6575 0.7481 -0.0896
vn 0.1341 -0.9788 0.1551
vn 0.1354 -0.9586 0.2505
vn 0.0387 -0.9666 0.2532
vn 0.0394 -0.9868 0.1569
vn 0.3185 -0.9368 0.1445
vn 0.3236 -0.9159 0.2376
vn 0.2303 -0.9416 0.2457
vn 0.2273 -0.9621 0.1505
vn 0.3255 -0.8864 0.3292
vn 0.2315 -0.9121 0.3384
vn -0.5832 -0.8049 0.1095
vn -0.5940 -0.7823 0.1876
vn -0.6694 -0.7245 0.1644
vn -0.6575 -0.7481 0.0896
vn -0.4207 -0.8979 0.1297
vn -0.4296 -0.8764 0.2174
vn -0.5143 -0.8332 0.2034
vn -0.5043 -0.8551 0.1201
vn -0.4354 -0.8477 0.3032
vn -0.4384 -0.8115 0.3862
vn -0.5235 -0.7701 0.3646
vn -0.5205 -0.8048 0.2852
vn 0.0646 0.5873 -0.8068
vn 0.0642 0.5063 -0.8600
vn -0.0214 0.5052 -0.8627
vn -0.0245 0.5870 -0.8092
vn 0.2410 0.5715 -0.7844
vn 0.2337 0.4949 -0.8369
vn 0.1495 0.5025 -0.8515
vn 0.1534 0.5818 -0.7987
vn 0.2246 0.4141 -0.8821
vn 0.1443 0.4189 -0.8965
vn -0.1341 0.8905 -0.4347
vn -0.2304 0.8738 -0.4283
vn 0.6750 0.0617 0.7352
vn 0.8338 -0.0321 0.5511
vn 0.8306 -0.0448 0.5551
vn 0.6717 0.0495 0.7392
vn -0.0382 0.9722 0.2310
vn -0.0370 0.9443 0.3270
vn -0.9819 0.1341 0.1339
vn -0.9598 0.1750 0.2196
vn -0.9497 0.2594 0.1754
vn -0.9712 0.2206 0.0899
vn 0.5275 0.5345 0.6603
vn -0.6031 0.4393 -0.6658
vn -0.5802 0.3831 -0.7188
vn -0.6438 0.3410 -0.6850
vn -0.6692 0.3925 -0.6310
vn -0.4530 0.5031 -0.7360
vn -0.4341 0.4355 -0.7886
vn -0.5090 0.4108 -0.7564
vn -0.5302 0.4730 -0.7036
vn -0.4121 0.3645 -0.8351
vn -0.4845 0.3455 -0.8037
vn 0.5936 0.5709 0.5671
vn -0.7122 0.0739 -0.6981
vn -0.6870 0.1494 -0.7112
vn -0.6350 0.1113 -0.7645
vn -0.6554 0.0360 -0.7544
vn -0.7985 0.1712 -0.5771
vn -0.7632 0.2491 -0.5962
vn -0.7276 0.2000 -0.6562
vn -0.7584 0.1230 -0.6401
vn -0.7218 0.3251 -0.6110
vn -0.6918 0.2753 -0.6675
vn -0.2550 -0.7718 0.5826
vn -0.3470 -0.7487 0.5648
vn -0.3487 -0.8009 0.4868
vn -0.7858 -0.4063 0.4662
vn -0.8345 -0.3313 0.4402
vn -0.8513 -0.3765 0.3653
vn 0.8737 0.1583 0.4600
vn 0.8740 0.2406 0.4222
vn 0.8229 0.2750 0.4972
vn 0.6009 0.0541 0.7975
vn -0.4456 0.7722 0.4530
vn -0.4283 0.8193 0.3811
vn 0.9807 -0.0946 0.1711
vn 0.9916 -0.0063 0.1295
vn 0.5806 0.0712 -0.8110
vn 0.5568 0.1480 -0.8174
vn 0.6218 0.1611 -0.7664
vn 0.6482 0.0878 -0.7564
vn 0.4280 0.0629 -0.9016
vn 0.4084 0.1484 -0.9007
vn 0.4844 0.1488 -0.8621
vn 0.5064 0.0675 -0.8596
vn 0.3857 0.2328 -0.8928
vn 0.4591 0.2291 -0.8583
vn 0.5399 0.2242 0.8113
vn -0.2035 0.8439 0.4963
vn -0.1970 0.8892 0.4130
vn -0.1206 0.6727 0.7300
vn -0.4793 0.2837 0.8305
vn 0.7842 0.4980 0.3701
vn 0.8307 0.4743 0.2916
vn 0.8021 0.5448 0.2447
vn 0.7590 0.5651 0.3234
vn 0.1805 -0.0342 0.9830
vn 0.2676 -0.0326 0.9630
vn 0.1828 0.0623 0.9812
vn -0.7442 -0.1827 0.6425
vn -0.7287 -0.0555 0.6826
vn -0.7759 -0.1060 0.6219
vn 0.7583 -0.1230 0.6402
vn 0.7837 -0.0441 0.6195
vn -0.9358 -0.0839 0.3425
vn -0.9057 -0.0389 0.4220
vn -0.9528 0.0021 0.3035
vn 0.0214 -0.5057 0.8624
vn -0.5708 0.7955 0.2034
vn -0.6071 0.7481 0.2679
vn -0.5565 0.7826 0.2790
vn 0.1458 0.9594 -0.2414
vn 0.0582 0.9662 -0.2512
vn 0.0557 0.9863 -0.1553
vn 0.1434 0.9785 -0.1482
vn -0.5644 -0.4857 0.6675
vn 0.4926 -0.6821 0.5404
vn 0.4992 -0.7314 0.4646
vn 0.3795 0.9158 0.1315
vn 0.2992 0.9448 0.1337
vn 0.2837 0.9328 0.2220
vn 0.3607 0.9072 0.2167
vn -0.3232 0.9159 -0.2380
vn -0.3185 0.9368 -0.1445
vn 0.1272 0.9020 0.4125
vn 0.1991 0.9271 0.3175
vn 0.1208 0.9388 0.3227
vn 0.1552 0.7443 0.6496
vn 0.2455 0.7338 0.6334
vn 0.1467 0.8050 0.5748
vn 0.0636 0.7485 0.6601
vn -0.8189 0.5229 -0.2366
vn -0.8249 0.5027 -0.2587
vn -0.8620 0.4498 -0.2337
vn -0.0194 0.5227 0.8523
vn 0.1374 0.8574 0.4960
vn -0.8962 0.4263 -0.1229
vn -0.8994 0.3867 -0.2037
vn 0.6198 0.3633 0.6956
vn 0.5356 0.4618 0.7070
vn -0.9609 0.0887 0.2623
vn -0.9960 0.0034 0.0897
vn -0.9831 0.0463 0.1769
vn -0.9947 0.0918 0.0466
vn -0.8406 0.2090 0.4997
vn -0.7842 0.3184 0.5326
vn -0.8403 0.2862 0.4603
vn -0.0397 0.9974 -0.0598
vn -0.1317 0.9896 -0.0581
vn -0.1284 0.9909 0.0396
vn -0.0396 0.9985 0.0383
vn -0.8334 0.3617 0.4180
vn -0.8201 0.4343 0.3726
vn -0.7185 0.3511 0.6005
vn 0.2349 0.2340 0.9434
vn 0.4710 0.1521 0.8689
vn 0.4672 0.1404 0.8729
vn 0.2307 0.2219 0.9474
vn 0.1244 0.9654 0.2293
vn 0.0430 0.9721 0.2306
vn 0.0418 0.9445 0.3259
vn 0.4412 0.8103 -0.3856
vn 0.4372 0.8366 -0.3300
vn 0.4579 0.8304 -0.3174
vn 0.4645 0.8341 -0.2974
vn -0.0387 0.9666 -0.2532
vn -0.8484 0.3468 0.3999
vn -0.8524 0.3333 0.4028
vn -0.4954 0.7780 -0.3865
vn -0.5559 0.7438 -0.3710
vn -0.5610 0.7766 -0.2867
vn 0.4569 0.8802 0.1288
vn 0.3262 0.6209 -0.7128
vn 0.5692 0.8216 -0.0312
vn 0.5517 0.8327 0.0473
vn -0.5043 0.3588 0.7855
vn -0.7023 0.3583 0.6151
vn -0.6980 0.3714 0.6123
vn -0.4995 0.3718 0.7825
vn 0.1604 0.9261 -0.3414
vn 0.7077 -0.3453 -0.6163
vn 0.5110 -0.3461 -0.7868
vn 0.5062 -0.3589 -0.7842
vn 0.7035 -0.3582 -0.6138
vn -0.9330 0.1362 -0.3330
vn -0.9296 0.1499 -0.3366
vn -0.9719 0.2184 -0.0878
vn -0.0634 -0.8510 0.5213
vn 0.0144 -0.3267 0.9450
vn 0.0180 -0.4193 0.9077
vn -0.4436 -0.3087 0.8414
vn 0.4824 -0.6270 0.6117
vn 0.5626 -0.5877 0.5814
vn 0.3982 -0.2862 0.8715
vn 0.3247 -0.2981 0.8976
vn 0.2377 0.9605 -0.1444
vn 0.2095 0.9605 -0.1834
vn 0.2100 0.9607 -0.1814
vn 0.2053 0.9515 -0.2293
vn 0.2203 0.9670 -0.1278
vn 0.5091 -0.4107 0.7564
vn 0.2995 -0.6224 0.7232
vn 0.3859 -0.5976 0.7028
vn -0.9101 -0.1691 0.3783
vn -0.9908 -0.1276 0.0444
vn -0.9992 -0.0396 0.0015
vn -0.5988 -0.7784 -0.1885
vn -0.6718 -0.7383 0.0590
vn -0.6639 -0.7452 0.0620
vn -0.5910 -0.7851 -0.1853
vn -0.8113 -0.5315 0.2436
vn -0.8617 -0.4185 0.2869
vn -0.8643 -0.4583 0.2072
vn -0.7506 -0.5996 0.2778
vn 0.6719 0.0396 0.7396
vn 0.7329 0.0025 0.6804
vn -0.5907 0.7217 -0.3609
vn -0.6017 0.7314 -0.3211
vn -0.6032 0.7447 -0.2858
vn 0.6350 -0.1113 0.7645
vn 0.6869 -0.1494 0.7112
vn 0.7122 -0.0739 0.6980
vn 0.6554 -0.0360 0.7544
vn 0.7322 -0.6075 0.3080
vn 0.7280 0.6280 0.2749
vn 0.6834 0.6403 0.3508
vn 0.6018 0.7104 0.3649
vn 0.6528 0.6954 0.3004
vn 0.5724 0.7589 0.3105
vn 0.7470 0.4499 0.4894
vn 0.9174 0.2034 0.3420
vn 0.9097 0.2870 0.3002
vn 0.8937 0.3683 0.2563
vn 0.9266 0.3340 0.1726
vn 0.8698 0.4463 0.2102
vn 0.0914 0.0619 0.9939
vn 0.0920 -0.0357 0.9951
vn 0.0030 -0.0382 0.9993
vn 0.4057 -0.2014 0.8915
vn 0.3301 -0.2097 0.9204
vn -0.0704 -0.2336 0.9698
vn -0.4597 0.7190 0.5213
vn -0.6298 0.7112 0.3124
vn -0.7145 0.4194 0.5600
vn -0.6424 0.4555 0.6163
vn -0.3051 0.4064 0.8612
vn -0.2105 0.4206 0.8825
vn -0.3077 0.4908 0.8151
vn -0.3787 0.7489 0.5438
vn -0.2947 0.7729 0.5619
vn -0.2117 0.7297 0.6502
vn -0.1207 0.7412 0.6604
vn -0.1201 0.8026 0.5843
vn -0.2082 0.7909 0.5755
vn -0.3917 0.3025 0.8690
vn -0.3967 0.3884 0.8317
vn 0.9072 0.0330 0.4195
vn 0.9165 0.1186 0.3821
vn 0.3094 -0.6886 0.6558
vn -0.6707 -0.0136 0.7416
vn -0.6890 0.0607 0.7223
vn -0.7504 0.0198 0.6607
vn -0.4383 -0.7686 0.4660
vn 0.0496 0.9980 0.0392
vn 0.0465 0.9897 0.1356
vn 0.1320 0.9819 0.1358
vn 0.3122 0.9490 0.0441
vn 0.2165 0.9669 0.1353
vn -0.1991 -0.9271 -0.3175
vn -0.1208 -0.9388 -0.3227
vn -0.2759 -0.9097 -0.3103
vn -0.0418 -0.9445 -0.3259
vn 0.0370 -0.9443 -0.3270
vn -0.4936 -0.8242 -0.2774
vn -0.4236 -0.8581 -0.2902
vn -0.5467 -0.7939 -0.2661
vn -0.3508 -0.8867 -0.3012
vn 0.4190 -0.8561 -0.3024
vn 0.4893 -0.8219 -0.2916
vn 0.3461 -0.8851 -0.3113
vn 0.5565 -0.7826 -0.2790
vn 0.6071 -0.7481 -0.2679
vn 0.1155 -0.9382 -0.3261
vn 0.1939 -0.9263 -0.3232
vn 0.2709 -0.9085 -0.3182
vn 0.7149 -0.6937 0.0875
vn 0.7252 -0.6691 0.1623
vn 0.7003 -0.7137 0.0125
vn 0.7310 -0.6402 0.2362
vn 0.6313 -0.7464 -0.2107
vn 0.6584 -0.7401 -0.1370
vn 0.6815 -0.7292 -0.0625
vn -0.4307 0.8758 0.2178
vn -0.4190 0.8561 0.3024
vn -0.3461 0.8851 0.3113
vn 0.4824 0.7241 0.4929
vn 0.5351 0.7414 0.4049
vn 0.3508 0.8867 0.3012
vn 0.2759 0.9097 0.3103
vn -0.4354 -0.7189 0.5418
vn 0.2241 -0.7724 0.5943
vn 0.2049 0.9523 0.2263
vn -0.2710 0.9085 0.3182
vn -0.7669 0.0958 0.6346
vn 0.8261 0.5624 0.0358
vn -0.0785 -0.1390 0.9872
vn 0.3427 -0.1208 0.9317
vn 0.6919 0.6859 0.2254
vn 0.8654 0.0751 0.4954
vn -0.8815 -0.1231 0.4558
vn 0.5536 -0.3244 0.7670
vn 0.4845 -0.3455 0.8037
vn 0.4681 0.8579 -0.2118
vn 0.4567 0.8724 -0.1743
vn 0.4533 0.8835 -0.1183
vn 0.5026 0.8570 -0.1141
vn 0.5232 0.8278 -0.2025
vn -0.0646 -0.5873 0.8068
vn 0.5309 0.8382 0.1250
vn -0.1341 0.9787 -0.1552
vn -0.2273 0.9621 -0.1505
vn -0.2225 0.9734 -0.0547
vn -0.8038 0.5905 0.0728
vn -0.0394 0.9868 -0.1572
vn 0.0527 0.9969 -0.0582
vn -0.3114 0.9489 -0.0508
vn -0.0286 0.7472 0.6640
vn -0.1101 0.3403 0.9339
vn -0.1139 0.4307 0.8953
vn 0.8385 0.5196 0.1638
vn 0.9034 0.4201 -0.0854
vn -0.8500 -0.2045 0.4854
vn -0.8763 -0.2517 0.4107
vn -0.5794 -0.5407 0.6098
vn -0.4625 -0.1274 -0.8774
vn -0.4664 -0.1407 -0.8733
vn -0.7167 0.6929 -0.0789
vn 0.2701 0.5137 0.8143
vn 0.3457 0.6514 0.6754
vn 0.3336 0.7172 0.6118
vn -0.9839 0.1789 0.0034
vn 0.5003 0.1539 -0.8520
vn 0.4932 0.1602 -0.8551
vn 0.3522 -0.0448 -0.9348
vn 0.3597 -0.0509 -0.9317
vn -0.2163 0.9754 0.0416
vn -0.7788 0.3894 0.4918
vn 0.0084 -0.4302 -0.9027
vn -0.1706 -0.5843 -0.7934
vn -0.1635 -0.5911 -0.7898
vn -0.5795 0.7915 -0.1943
vn 0.5066 0.8382 0.2018
vn 0.4351 0.8756 0.2100
vn 0.4235 0.8581 0.2902
vn 0.4936 0.8242 0.2774
vn -0.1592 -0.7251 0.6700
vn -0.1607 -0.7872 0.5954
vn -0.0645 -0.7958 0.6021
vn -0.4095 -0.5373 0.7373
vn -0.4889 -0.5135 0.7052
vn 0.3977 -0.6607 0.6366
vn -0.3959 -0.4684 0.7899
vn -0.8164 -0.1558 0.5560
vn 0.6572 -0.2238 0.7197
vn 0.7277 -0.2000 0.6561
vn 0.9511 0.2963 0.0869
vn 0.1792 0.4360 0.8819
vn 0.4216 -0.1156 0.8994
vn -0.6175 0.0842 0.7821
vn -0.5535 0.1808 0.8130
vn -0.2738 0.0402 0.9609
vn -0.1636 -0.1426 0.9762
vn -0.6009 0.0065 0.7993
vn -0.6455 0.3856 0.6593
vn -0.4893 0.8219 0.2916
vn -0.0086 0.2530 0.9674
vn 0.9606 -0.1813 0.2107
vn -0.5233 -0.7291 0.4410
vn -0.5024 0.8384 0.2114
vn -0.0391 0.9901 0.1352
vn -0.7434 0.6290 0.2275
vn -0.7764 0.6120 0.1509
vn 0.4028 0.7532 0.5200
vn -0.9094 -0.3803 0.1685
vn -0.9729 -0.2142 0.0867
vn -0.9455 -0.2992 0.1285
vn 0.3142 0.9486 -0.0379
vn 0.6849 0.2804 0.6725
vn 0.8401 0.1317 0.5262
vn 0.8364 0.1214 0.5345
vn 0.6806 0.2704 0.6809
vn 0.6805 0.2704 0.6810
vn 0.4784 0.4011 0.7812
vn 0.4833 0.4112 0.7729
vn 0.2119 0.7715 -0.5998
vn 0.1522 0.7851 -0.6003
vn 0.1634 0.8433 -0.5119
vn 0.2193 0.8340 -0.5062
vn 0.2161 0.8036 -0.5546
vn 0.2188 0.8034 -0.5539
vn 0.1728 0.8872 -0.4277
vn 0.4707 0.7261 -0.5012
vn 0.4673 0.7561 -0.4581
vn -0.4765 -0.4021 -0.7818
vn -0.4716 -0.3917 -0.7900
vn -0.6748 -0.2610 -0.6902
vn -0.6793 -0.2714 -0.6818
vn 0.4268 0.5983 -0.6781
vn -0.8305 0.0448 -0.5552
vn -0.8267 0.0580 -0.5596
vn 0.5088 0.7886 0.3453
vn 0.4692 -0.2725 0.8400
vn -0.6147 -0.3418 0.7109
vn -0.6066 -0.3490 0.7143
vn -0.6722 -0.5190 0.5280
vn -0.6801 -0.5125 0.5242
vn 0.2490 -0.3082 0.9181
vn 0.5467 0.7939 0.2661
vn -0.9871 0.1364 -0.0837
vn -0.9979 0.0490 -0.0415
vn -0.3670 0.0575 0.9284
vn -0.3595 0.0511 0.9317
vn 0.6917 0.6544 -0.3055
vn 0.6839 0.6610 -0.3088
vn 0.6145 -0.2874 0.7347
vn 0.1866 -0.2459 -0.9512
vn 0.1949 -0.2525 -0.9478
vn 0.2140 0.9351 -0.2825
vn 0.2113 0.9358 -0.2823
vn 0.2163 0.9167 -0.3360
vn 0.9719 -0.2181 0.0887
vn 0.9749 -0.2054 0.0857
vn 0.9479 -0.2726 -0.1647
vn 0.9447 -0.2853 -0.1619
vn 0.3015 0.8841 -0.3571
vn 0.3442 0.8681 -0.3577
vn 0.3458 0.8465 -0.4048
vn 0.2494 0.8729 -0.4194
vn 0.2507 0.8971 -0.3637
vn 0.4662 0.8494 -0.2471
vn -0.4850 -0.7652 -0.4234
vn -0.5987 -0.7784 -0.1885
vn -0.5903 -0.7857 -0.1850
vn -0.4779 -0.7716 -0.4199
vn -0.7276 0.6733 -0.1313
vn -0.6441 0.7478 -0.1613
vn -0.8454 0.4523 0.2842
vn -0.8415 0.4640 0.2766
vn -0.3402 -0.6995 -0.6285
vn -0.3313 -0.7058 -0.6262
vn -0.0214 0.2882 0.9573
vn -0.6234 0.7588 -0.1884
vn 0.4711 0.1521 0.8689
vn -0.3403 -0.6995 -0.6285
vn -0.3319 -0.7053 -0.6264
vn 0.9360 -0.1235 0.3296
vn 0.9749 -0.2054 0.0858
vn 0.9330 -0.1362 0.3331
vn 0.2784 -0.3222 -0.9048
vn 0.2738 -0.3351 -0.9015
vn 0.6642 0.5259 -0.5313
vn 0.6722 0.5191 -0.5278
vn -0.8458 0.4509 0.2851
vn -0.9402 0.3329 0.0722
vn -0.9367 0.3442 0.0636
vn -0.8416 0.4640 0.2766
vn -0.8178 0.4721 -0.3291
vn -0.7990 0.4397 -0.4103
vn -0.7791 0.4489 -0.4376
vn 0.1557 0.5977 0.7865
vn 0.1635 0.5915 0.7895
vn -0.0159 0.4368 0.8994
vn -0.7498 0.4868 -0.4482
vn -0.7216 0.5095 -0.4687
vn -0.6379 0.5803 -0.5063
vn -0.3670 0.0574 0.9284
vn -0.3586 0.0502 0.9322
vn -0.5004 -0.1541 0.8519
vn -0.5075 -0.1475 0.8489
vn -0.6179 0.6088 -0.4976
vn -0.6240 0.5942 -0.5075
vn -0.6917 -0.6544 0.3055
vn -0.6993 -0.6478 0.3021
vn -0.6071 -0.3486 0.7141
vn -0.6147 -0.3417 0.7109
vn 0.0163 -0.4369 -0.8994
vn 0.1946 -0.2523 -0.9479
vn 0.1865 -0.2460 -0.9512
vn -0.7555 0.6427 -0.1269
vn 0.5990 0.3549 -0.7178
vn 0.6070 0.3484 -0.7143
vn 0.3867 0.8554 -0.3446
vn -0.8524 0.3333 0.4029
vn -0.8484 0.3468 0.4000
vn -0.6300 0.7575 -0.1711
vn 0.4429 0.8916 -0.0940
vn 0.4245 0.9008 -0.0912
vn -0.6006 0.6768 -0.4257
vn 0.3672 0.9238 -0.1083
vn 0.3088 0.9455 -0.1031
vn 0.1638 0.5913 0.7896
vn 0.1557 0.5977 0.7864
vn 0.4342 0.6348 -0.6391
vn 0.4524 0.6315 -0.6297
vn -0.0037 0.5847 0.8112
vn -0.0085 0.5738 0.8190
vn -0.2595 0.6038 0.7538
vn -0.2546 0.6151 0.7462
vn 0.3189 0.6702 -0.6702
vn 0.3768 0.6616 -0.6483
vn 0.2431 0.5047 0.8283
vn 0.2478 0.5153 0.8204
vn 0.0100 -0.5741 -0.8187
vn 0.0146 -0.5634 -0.8260
vn -0.2364 -0.4947 -0.8363
vn -0.2414 -0.5053 -0.8285
vn 0.2469 0.7109 -0.6585
vn 0.2871 0.6796 -0.6750
vn 0.2845 0.6811 -0.6747
vn 0.2181 0.7397 -0.6366
vn 0.2176 0.7411 -0.6351
vn 0.9356 -0.0361 0.3513
vn 0.9389 -0.0260 0.3432
vn 0.6966 -0.5300 -0.4836
vn 0.6932 -0.5407 -0.4765
vn 0.8455 -0.4522 -0.2840
vn 0.8488 -0.4412 -0.2915
vn 0.9433 -0.3223 -0.0798
vn 0.9402 -0.3330 -0.0722
vn 0.9709 -0.1911 0.1444
vn 0.9740 -0.1809 0.1363
vn 0.9709 -0.1910 0.1445
vn 0.9740 -0.1808 0.1364
vn 0.2527 0.8441 -0.4728
vn 0.4979 -0.5819 -0.6430
vn 0.4940 -0.5924 -0.6364
vn 0.2651 -0.5931 -0.7602
vn 0.2609 -0.6038 -0.7532
vn 0.3034 0.8316 -0.4651
vn 0.3459 0.8228 -0.4510
vn 0.4392 0.7829 -0.4407
vn 0.3885 0.8052 -0.4479
vn 0.4601 0.7694 -0.4430
vn -0.8358 -0.1222 -0.5353
vn -0.8317 -0.1115 -0.5440
vn -0.9709 0.1905 -0.1452
vn 0.2745 0.9553 -0.1099
vn 0.2771 0.9547 -0.1084
vn 0.0147 -0.5634 -0.8260
vn 0.0101 -0.5741 -0.8187
vn -0.6004 0.6963 -0.3934
vn -0.8180 0.4979 -0.2881
vn -0.0539 0.7595 0.6482
vn 0.1495 0.7149 0.6831
vn 0.1496 0.7149 0.6830
vn -0.0539 0.7596 0.6482
vn 0.1835 0.9623 0.2008
vn 0.2758 0.9398 0.2018
vn -0.7574 0.6416 0.1211
vn -0.8046 0.5605 0.1961
vn -0.5488 0.5271 0.6488
vn -0.6691 0.3502 0.6554
vn -0.6691 0.3502 0.6555
vn -0.5488 0.5271 0.6489
vn 0.8578 0.4914 0.1507
vn 0.9358 0.3525 -0.0060
vn 0.9358 0.3525 -0.0061
vn 0.6336 0.7212 -0.2800
vn 0.6668 0.6491 -0.3661
vn 0.6881 0.5610 -0.4603
vn 0.9594 0.2172 -0.1802
vn 0.9358 0.3524 -0.0060
vn 0.9594 0.2171 -0.1801
vn -0.0569 0.9370 -0.3447
vn -0.0584 0.8610 -0.5053
vn -0.6457 0.6380 -0.4195
vn -0.5613 0.5280 -0.6373
vn -0.5614 0.5280 -0.6373
vn -0.6458 0.6380 -0.4195
vn -0.0706 0.2721 -0.9597
vn -0.2165 0.1064 -0.9705
vn -0.2166 0.1065 -0.9704
vn -0.5283 0.5315 -0.6621
vn -0.5733 0.4432 -0.6891
vn 0.6419 0.4689 -0.6067
vn 0.6942 0.4925 -0.5250
vn 0.8538 0.0198 -0.5202
vn 0.9326 0.1005 -0.3465
vn 0.9327 0.1005 -0.3465
vn 0.8539 0.0198 -0.5201
vn 0.0485 0.7976 -0.6012
vn 0.2309 0.7627 -0.6042
vn -0.2561 0.3716 -0.8924
vn -0.0105 0.3048 -0.9524
vn -0.0106 0.3047 -0.9524
vn -0.2562 0.3716 -0.8924
vn 0.2026 0.4401 -0.8748
vn 0.2946 0.4266 -0.8551
vn -0.0246 -0.0401 -0.9989
vn 0.1791 -0.0923 -0.9795
vn 0.1791 -0.0924 -0.9795
vn -0.0246 -0.0402 -0.9989
vn -0.8517 0.5138 0.1030
vn -0.8951 0.4449 -0.0308
vn -0.7917 0.1909 0.5804
vn -0.9025 0.0445 0.4284
vn -0.9025 0.0445 0.4285
vn -0.7916 0.1909 0.5804
vn 0.9568 0.2891 -0.0317
vn 0.9401 0.2358 -0.2463
vn 0.9401 0.2359 -0.2463
vn 0.9567 0.2892 -0.0317
vn 0.6823 0.7182 -0.1365
vn 0.6651 0.6984 -0.2645
vn -0.7719 -0.3489 -0.5314
vn -0.8891 -0.3217 -0.3257
vn -0.8891 -0.3216 -0.3257
vn -0.7720 -0.3488 -0.5314
vn -0.8412 0.2250 -0.4918
vn -0.8893 0.2869 -0.3562
vn -0.9719 -0.2180 0.0886
vn -0.9599 -0.0959 0.2635
vn -0.9599 -0.0958 0.2635
vn -0.9719 -0.2179 0.0885
vn -0.9285 0.3273 -0.1754
vn -0.9193 0.3796 -0.1038
vn 0.5538 0.5757 0.6016
vn 0.7060 0.5131 0.4883
vn 0.7059 0.5132 0.4882
vn 0.5537 0.5758 0.6015
vn 0.4787 0.8665 0.1418
vn 0.5419 0.8356 0.0895
vn -0.4385 0.8419 -0.3145
vn -0.4656 0.8584 -0.2152
vn 0.1495 0.9624 -0.2270
vn 0.0931 0.9956 -0.0103
vn 0.0932 0.9956 -0.0103
vn 0.1496 0.9624 -0.2269
vn -0.1199 0.9846 -0.1270
vn -0.1064 0.9692 -0.2219
vn -0.6559 0.7544 0.0268
vn -0.6860 0.7023 -0.1901
vn -0.6861 0.7022 -0.1900
vn -0.6559 0.7543 0.0268
vn -0.0738 0.8061 -0.5872
vn -0.4504 0.4298 -0.7826
vn -0.4504 0.4297 -0.7826
vn -0.5225 -0.1913 -0.8309
vn -0.6450 -0.3077 -0.6995
vn -0.6451 -0.3076 -0.6995
vn -0.7446 0.2912 -0.6007
vn -0.7907 0.1814 -0.5847
vn 0.1069 0.9840 0.1425
vn 0.0198 0.9985 0.0507
vn -0.2470 0.7913 0.5594
vn -0.4288 0.8031 0.4137
vn -0.4288 0.8031 0.4138
vn -0.2470 0.7912 0.5594
vn -0.4055 0.1658 -0.8989
vn -0.5524 0.2983 -0.7784
vn -0.5523 0.2984 -0.7784
vn 0.0352 0.5781 -0.8152
vn -0.0499 0.6485 -0.7596
vn 0.4027 0.8904 -0.2122
vn 0.3088 0.9298 -0.2006
vn 0.3859 0.8340 0.3944
vn 0.1751 0.9009 0.3971
vn 0.1751 0.9009 0.3972
vn 0.3859 0.8340 0.3945
vn 0.4946 0.4313 -0.7546
vn 0.5559 0.4542 -0.6962
vn 0.5788 -0.1087 -0.8082
vn 0.7268 -0.0562 -0.6846
vn 0.7268 -0.0564 -0.6846
vn 0.8388 0.4327 0.3305
vn 0.9236 0.3473 0.1621
vn 0.9236 0.3474 0.1620
vn 0.8387 0.4328 0.3304
vn 0.6307 0.7757 0.0250
vn 0.6856 0.7267 -0.0425
vn -0.5396 0.8416 -0.0235
vn -0.5867 0.8075 0.0612
vn -0.0944 0.9212 0.3774
vn -0.2429 0.8252 0.5100
vn -0.2428 0.8252 0.5100
vn -0.0943 0.9212 0.3774
vn 0.3859 0.8339 0.3945
vn 0.5961 0.7258 0.3434
vn 0.5961 0.7258 0.3433
vn 0.5170 0.8221 -0.2383
vn 0.6353 0.6749 -0.3753
vn 0.8685 0.1976 -0.4545
vn 0.8686 0.1975 -0.4545
vn -0.2765 0.9273 0.2523
vn -0.0337 0.9365 0.3489
vn -0.0336 0.9366 0.3488
vn -0.2764 0.9274 0.2522
vn 0.0423 0.9664 -0.2536
vn 0.2241 0.9496 -0.2191
vn -0.2198 0.0465 -0.9744
vn -0.4055 0.1657 -0.8989
vn -0.2198 0.0466 -0.9744
vn 0.1246 0.4982 -0.8581
vn 0.1564 0.7757 -0.6115
vn 0.1067 0.6253 -0.7731
vn 0.1066 0.6253 -0.7731
vn 0.1563 0.7757 -0.6114
vn -0.4355 0.7618 -0.4795
vn -0.4596 0.6936 -0.5547
vn 0.4087 0.2113 -0.8879
vn 0.1990 0.2477 -0.9482
vn 0.4087 0.2114 -0.8878
vn 0.4088 0.7231 -0.5568
vn 0.3158 0.7370 -0.5976
vn -0.4667 0.8743 0.1331
vn -0.4667 0.8744 0.1331
vn -0.0794 0.9589 -0.2725
vn -0.6443 0.4363 -0.6281
vn -0.6814 0.5741 -0.4540
vn -0.6443 0.4364 -0.6281
vn -0.1097 0.7072 -0.6985
vn -0.0993 0.7724 -0.6273
vn -0.6486 0.7152 -0.2604
vn -0.5720 0.8194 -0.0370
vn -0.5720 0.8194 -0.0371
vn -0.6486 0.7152 -0.2605
vn -0.0538 0.8496 -0.5247
vn -0.0609 0.9287 -0.3657
vn -0.0627 0.9972 -0.0414
vn -0.5702 0.7884 0.2308
vn -0.5703 0.7883 0.2308
vn 0.5214 0.7030 -0.4837
vn 0.6158 0.1876 -0.7653
vn 0.6158 0.1875 -0.7653
vn -0.9025 0.0444 0.4284
vn 0.1495 0.9624 -0.2269
vn 0.1899 0.8845 -0.4261
vn 0.1898 0.8846 -0.4261
vn -0.4183 0.8142 -0.4027
vn -0.6593 0.7491 0.0653
vn -0.3938 0.7003 0.5954
vn -0.3937 0.7003 0.5955
vn 0.0303 0.9806 0.1937
vn 0.0302 0.9806 0.1936
vn -0.4931 0.8591 -0.1371
vn 0.0931 0.9956 -0.0102
vn 0.4015 0.4211 -0.8133
vn 0.3854 -0.1147 -0.9156
vn 0.5788 -0.1088 -0.8082
vn 0.3854 -0.1148 -0.9156
vn -0.6814 0.5741 -0.4539
vn -0.6486 0.7151 -0.2605
vn 0.8539 0.0197 -0.5201
vn 0.7268 -0.0563 -0.6845
vn -0.0336 0.9365 0.3489
vn 0.1750 0.9009 0.3972
vn 0.5849 0.7689 -0.2580
vn 0.7473 0.6112 0.2608
vn 0.7473 0.6112 0.2609
vn -0.5524 0.2984 -0.7784
vn 0.7473 0.6111 0.2609
vn -0.0247 -0.0402 -0.9989
vn -0.9165 0.3035 -0.2605
vn -0.9532 -0.2797 -0.1152
vn -0.8891 -0.3217 -0.3256
vn -0.6451 -0.3077 -0.6994
vn -0.3666 -0.0401 -0.9295
vn -0.3666 -0.0400 -0.9295
vn -0.6466 0.4029 -0.6478
vn -0.4848 0.6323 -0.6043
vn 0.0494 0.4549 -0.8892
vn 0.0495 0.4549 -0.8892
vn 0.3573 0.6536 0.6672
vn 0.5537 0.5757 0.6016
vn 0.3573 0.6537 0.6671
vn 0.3838 0.9050 0.1833
vn -0.6458 0.6380 -0.4194
vn -0.6861 0.7022 -0.1901
vn 0.9237 0.3473 0.1620
vn 0.9568 0.2891 -0.0316
vn 0.1496 0.7149 0.6831
vn 0.7060 0.5131 0.4882
vn 0.1990 0.2476 -0.9482
vn -0.0105 0.3047 -0.9524
vn 0.7629 0.1835 -0.6199
vn 0.7629 0.1836 -0.6199
vn 0.5880 0.6865 -0.4278
vn -0.6559 0.7543 0.0269
vn -0.5703 0.7884 0.2308
vn -0.2470 0.7912 0.5595
vn -0.0540 0.7595 0.6482
vn -0.9531 -0.2798 -0.1151
vn 0.1564 0.7757 -0.6114
vt 0.000000 0.000000
vt 0.875000 0.759908
vt 0.906690 0.759744
vt 0.916667 0.672038
vt 0.875000 0.672600
vt 0.458333 0.612167
vt 0.416667 0.612703
vt 0.416666 0.765877
vt 0.458333 0.764554
vt 0.833333 0.672948
vt 0.875000 0.759908
vt 0.833333 0.760448
vt 0.611560 0.780369
vt 0.625000 0.684966
vt 0.583333 0.686382
vt 0.583333 0.781454
vt 0.250000 0.685249
vt 0.208333 0.682822
vt 0.208333 0.775882
vt 0.236451 0.779110
vt 0.750000 0.767194
vt 0.791667 0.763001
vt 0.791667 0.674584
vt 0.750000 0.677267
vt 0.375000 0.612656
vt 0.333333 0.612609
vt 0.333333 0.765645
vt 0.375000 0.765762
vt 0.250000 0.766444
vt 0.250000 0.612933
vt 0.208333 0.612838
vt 0.208333 0.766209
vt -0.000000 0.672651
vt 0.041666 0.674009
vt 0.041666 0.762106
vt -0.000000 0.759987
vt -0.000000 0.759987
vt 0.375000 0.787130
vt 0.416666 0.787153
vt 0.416666 0.690019
vt 0.375000 0.690006
vt 0.291667 0.782331
vt 0.318755 0.784475
vt 0.333333 0.688785
vt 0.291667 0.686942
vt 0.077915 0.764766
vt 0.083333 0.675849
vt 0.166666 0.680297
vt 0.125000 0.677696
vt 0.125000 0.767865
vt 0.166666 0.771931
vt 0.625000 0.779233
vt 0.666667 0.773967
vt 0.666667 0.681601
vt 0.958333 0.671598
vt 0.958333 0.758342
vt 1.000000 0.759987
vt 1.000000 0.672651
vt 0.083333 0.766412
vt 0.041666 0.765770
vt 0.041666 0.612660
vt 0.083333 0.612920
vt 0.833333 0.760448
vt 0.333333 0.765645
vt 0.611560 0.780369
vt 0.583333 0.781454
vt 0.666667 0.773967
vt 0.916667 0.759031
vt 0.166924 0.767032
vt 0.166667 0.613160
vt 0.500000 0.612635
vt 0.500000 0.765707
vt 0.300128 0.766271
vt 0.291667 0.612771
vt 0.500000 0.689382
vt 0.500000 0.786152
vt 0.541666 0.783551
vt 0.541666 0.687720
vt 0.125000 0.765478
vt 0.085408 0.766545
vt 0.125000 0.612542
vt 0.166924 0.767032
vt 0.250000 0.779679
vt 0.333333 0.785217
vt 0.166666 0.767006
vt 0.458333 0.787119
vt 0.485466 0.787165
vt 0.458333 0.689998
vt 0.708333 0.769778
vt 0.708333 0.678921
vt 0.458333 0.764554
vt 0.958333 0.758342
vt 0.261478 0.767299
vt 0.291667 0.766045
vt 0.166666 0.767006
vt 0.125000 0.765478
vt -0.000000 0.613231
vt -0.000000 0.767181
vt 0.085408 0.766545
vt 0.416667 0.765877
vt 0.083333 0.764980
vt 0.791667 0.763001
vt 0.708333 0.769778
vt 0.208333 0.775882
vt 0.541666 0.783551
vt 0.416666 0.787153
vt 0.485466 0.787165
vt 0.500000 0.786152
vt 0.333333 0.785217
vt 0.318755 0.784475
vt 0.083333 0.764980
vt 0.250000 0.779679
vt 0.077915 0.764766
vt 0.208333 0.785925
vt 0.234479 0.789027
vt 0.167099 0.779581
vt 0.208333 0.778759
vt 0.583333 0.791493
vt 0.542009 0.793568
vt 0.541666 0.793586
vt 0.500000 0.796183
vt 0.917257 0.769050
vt 0.958294 0.768372
vt 0.333184 0.778197
vt 0.300821 0.778839
vt 0.458333 0.797147
vt 0.416666 0.797181
vt 0.792000 0.773020
vt 0.833333 0.770483
vt 0.085577 0.779106
vt 0.125000 0.778028
vt -0.000000 0.779732
vt 0.041666 0.778320
vt 0.333333 0.795250
vt 0.375000 0.797160
vt 0.417268 0.778408
vt 0.458181 0.777109
vt -0.000000 0.770018
vt 0.041452 0.772130
vt 0.875000 0.769938
vt 0.125000 0.777907
vt 0.166079 0.781918
vt 0.124760 0.777891
vt 0.083333 0.775019
vt 0.750000 0.777237
vt 0.708623 0.779806
vt 0.333184 0.778197
vt 0.708333 0.779824
vt 0.667359 0.783945
vt 0.542009 0.793568
vt 0.792000 0.773020
vt 0.166079 0.781918
vt 0.417268 0.778408
vt 0.041452 0.772130
vt 0.917257 0.769050
vt 0.124760 0.777891
vt 0.667359 0.783945
vt 0.041790 0.778322
vt 0.082851 0.778955
vt 0.458333 0.777104
vt 0.500000 0.778258
vt 0.166666 0.779557
vt 0.262502 0.779914
vt 0.291667 0.778594
vt 0.333333 0.778194
vt 0.375000 0.778312
vt 0.375087 0.778312
vt 0.416666 0.778427
vt 0.250000 0.778994
vt 0.316720 0.794389
vt 0.291667 0.792367
vt 1.000000 0.770018
vt 0.958333 0.768371
vt 0.483959 0.797302
vt 0.458395 0.797148
vt 0.905540 0.769855
vt 0.291469 0.792355
vt 0.250000 0.789720
vt 0.416434 0.797181
vt 0.375800 0.797160
vt 0.791667 0.773040
vt 0.750622 0.777174
vt 0.666667 0.784015
vt 0.625649 0.789196
vt 0.076789 0.774742
vt 0.041666 0.772141
vt 0.610128 0.790535
vt 0.583525 0.791486
vt 0.207906 0.785885
vt 0.166666 0.781975
vt 0.041790 0.778322
vt 0.262502 0.779914
vt 0.375087 0.778312
vt 0.316720 0.794389
vt 0.458395 0.797148
vt 0.291469 0.792355
vt 0.375800 0.797160
vt 0.750622 0.777174
vt 0.076789 0.774742
vt 0.583525 0.791486
s 1
f 1/1/1 2/1/2 3/1/3 4/1/4
f 5/1/5 6/1/6 7/1/7 8/1/8
f 9/1/9 10/1/10 11/1/11 12/1/12
f 13/1/13 14/1/14 15/1/15 16/1/16
f 17/1/17 18/1/18 19/1/19 20/1/20
f 21/1/21 22/1/22 15/1/15 14/1/14
f 23/1/23 24/1/24 25/1/25 26/1/26
f 27/1/27 28/1/28 29/1/29 30/1/30
f 31/1/31 32/1/32 33/1/33 34/1/34
f 35/1/35 36/1/36 37/1/37 38/1/38
f 39/1/39 40/1/40 41/1/41 42/1/42
f 43/1/43 44/1/44 45/1/45 46/1/46
f 47/1/47 48/1/48 49/1/49 50/1/50
f 51/1/51 52/1/52 53/1/53 54/1/54
f 55/1/55 56/1/56 57/1/57 58/1/58
f 59/1/59 60/1/60 61/1/61 62/1/62
f 63/1/63 64/1/64 65/1/65 66/1/66
f 67/1/67 68/1/68 69/1/69 70/1/70
f 71/1/71 72/1/72 73/1/73 7/1/7
f 74/1/74 75/1/75 76/1/76 77/1/77
f 78/1/78 79/1/79 80/1/80 81/1/81
f 82/1/82 83/1/83 29/1/29 84/1/84
f 85/1/85 86/1/86 87/1/87 88/1/88
f 89/1/89 90/1/90 91/1/91 92/1/92
f 93/1/93 94/1/94 95/1/95 96/1/96
f 97/1/97 98/1/98 99/1/99 100/1/100
f 101/1/101 102/1/102 103/1/103 104/1/104
f 105/1/105 106/1/106 107/1/107 108/1/108
f 109/1/109 110/1/110 111/1/111 112/1/112
f 113/1/113 114/1/114 115/1/115 116/1/116
f 117/1/117 118/1/118 119/1/119 120/1/120
f 121/1/121 122/1/122 123/1/123 61/1/61
f 124/1/124 125/1/125 126/1/126 127/1/127
f 128/1/128 129/1/129 130/1/130 131/1/131
f 132/1/132 133/1/133 134/1/134 135/1/135
f 136/1/136 137/1/137 138/1/138 139/1/139
f 140/1/140 141/1/141 142/1/142 143/1/143
f 144/1/144 145/1/145 146/1/146 147/1/147
f 148/1/148 149/1/149 150/1/150 151/1/151
f 152/1/152 153/1/153 154/1/154 155/1/155
f 156/1/156 157/1/157 158/1/158 159/1/159
f 160/1/160 161/1/161 33/1/33 32/1/32
f 162/1/162 163/1/163 164/1/164 165/1/165
f 166/1/166 167/1/167 168/1/168 169/1/169
f 170/2/170 171/3/171 172/4/172 173/5/173
f 174/1/174 175/1/175 176/1/176 177/1/177
f 178/1/178 179/1/179 180/1/180 181/1/181
f 182/1/182 183/1/183 184/1/184 185/1/185
f 186/1/186 187/1/187 188/1/188 189/1/189
f 190/1/190 191/1/191 192/1/192 193/1/193
f 194/1/194 195/1/195 196/1/196 18/1/18
f 18/1/18 196/1/196 197/1/197 19/1/19
f 198/1/198 199/1/199 200/1/200 201/1/201
f 202/1/202 203/1/203 204/1/204 205/1/205
f 206/1/206 207/1/207 208/1/208 209/1/209
f 210/1/210 211/1/211 212/1/212 213/1/213
f 214/1/214 215/1/215 216/1/216 217/1/217
f 218/1/218 219/1/219 220/1/220 221/1/221
f 184/1/184 222/1/222 223/1/223 207/1/207
f 224/6/224 225/7/225 226/8/226 227/9/227
f 228/1/228 229/1/229 230/1/230 231/1/231
f 232/1/232 233/1/233 234/1/234 235/1/235
f 236/1/236 237/1/237 238/1/238 239/1/239
f 240/1/240 241/1/241 242/1/242 243/1/243
f 244/1/244 245/1/245 246/1/246 247/1/247
f 248/1/248 249/1/249 250/1/250 251/1/251
f 252/1/252 168/1/168 253/1/253 254/1/254
f 255/1/255 256/1/256 257/1/257 258/1/258
f 259/10/259 260/5/260 261/11/261 262/12/262
f 263/1/263 264/1/264 265/1/265 266/1/266
f 267/1/267 268/1/268 269/1/269 270/1/270
f 270/1/270 269/1/269 271/1/271 272/1/272
f 273/1/273 274/1/274 275/1/275 276/1/276
f 277/1/277 278/1/278 279/1/279 280/1/280
f 281/1/281 282/1/282 283/1/283 284/1/284
f 283/1/283 285/1/285 286/1/286 287/1/287
f 288/1/288 289/1/289 290/1/290 291/1/291
f 292/1/292 293/1/293 294/1/294 295/1/295
f 296/1/296 297/1/297 95/1/95 298/1/298
f 299/1/299 300/1/300 301/1/301 302/1/302
f 303/1/303 304/1/304 305/1/305 306/1/306
f 307/1/307 308/1/308 309/1/309 310/1/310
f 311/1/311 312/1/312 313/1/313 314/1/314
f 315/1/315 316/1/316 317/1/317 318/1/318
f 319/1/319 291/1/291 290/1/290 320/1/320
f 321/1/321 322/1/322 323/1/323 308/1/308
f 324/1/324 325/1/325 326/1/326 327/1/327
f 328/13/328 329/14/329 330/15/330 331/16/331
f 332/1/332 333/1/333 334/1/334 335/1/335
f 336/1/336 337/1/337 338/1/338 339/1/339
f 340/1/340 336/1/336 339/1/339 341/1/341
f 342/1/342 343/1/343 344/1/344 345/1/345
f 346/1/346 347/1/347 348/1/348 349/1/349
f 350/1/350 351/1/351 265/1/265 352/1/352
f 353/1/353 354/1/354 355/1/355 356/1/356
f 357/1/357 358/1/358 359/1/359 360/1/360
f 361/1/361 28/1/28 362/1/362 363/1/363
f 364/1/364 365/1/365 366/1/366 367/1/367
f 368/1/368 369/1/369 370/1/370 371/1/371
f 372/1/372 373/1/373 374/1/374 375/1/375
f 376/1/376 377/1/377 378/1/378 379/1/379
f 380/1/380 381/1/381 382/1/382 383/1/383
f 384/1/384 385/1/385 386/1/386 387/1/387
f 388/1/388 389/1/389 390/1/390 391/1/391
f 392/1/392 393/1/393 394/1/394 395/1/395
f 396/1/396 397/1/397 398/1/398 399/1/399
f 399/1/399 398/1/398 400/1/400 401/1/401
f 402/1/402 403/1/403 404/1/404 405/1/405
f 406/17/406 407/18/407 408/19/408 409/20/409
f 410/1/410 411/1/411 412/1/412 413/1/413
f 414/1/414 415/1/415 416/1/416 417/1/417
f 418/1/418 419/1/419 420/1/420 421/1/421
f 422/21/422 423/22/423 424/23/424 425/24/425
f 426/1/426 427/1/427 148/1/148 428/1/428
f 429/1/429 430/1/430 431/1/431 432/1/432
f 433/1/433 434/1/434 209/1/209 208/1/208 435/1/435
f 436/1/436 437/1/437 438/1/438 439/1/439
f 440/1/440 441/1/441 442/1/442 443/1/443
f 402/1/402 405/1/405 444/1/444 445/1/445
f 446/1/446 447/1/447 64/1/64 63/1/63
f 146/1/146 448/1/448 449/1/449 437/1/437
f 450/1/450 451/1/451 452/1/452 453/1/453
f 454/1/454 455/1/455 456/1/456 457/1/457
f 458/25/458 459/26/459 460/27/460 461/28/461
f 462/1/462 463/1/463 464/1/464 465/1/465
f 466/1/466 467/1/467 468/1/468 469/1/469
f 470/1/470 471/1/471 472/1/472 473/1/473
f 474/1/474 475/1/475 476/1/476 477/1/477
f 478/1/478 479/1/479 480/1/480 481/1/481
f 482/1/482 483/1/483 484/1/484 485/1/485
f 486/1/486 63/1/63 66/1/66 448/1/448
f 487/1/487 488/1/488 489/1/489 490/1/490
f 491/1/491 492/1/492 493/1/493 494/1/494
f 495/1/495 496/1/496 497/1/497 498/1/498
f 499/1/499 500/1/500 501/1/501 502/1/502
f 503/1/503 504/1/504 505/1/505 506/1/506
f 507/1/507 508/1/508 509/1/509 510/1/510
f 511/1/511 512/1/512 513/1/513 514/1/514
f 515/1/515 516/1/516 52/1/52 51/1/51
f 517/1/517 518/1/518 519/1/519 520/1/520
f 521/1/521 522/1/522 523/1/523 524/1/524
f 525/1/525 83/1/83 526/1/526 527/1/527
f 528/1/528 529/1/529 530/1/530 531/1/531
f 532/1/532 533/1/533 534/1/534 535/1/535
f 536/1/536 537/1/537 538/1/538 539/1/539
f 540/29/540 541/30/541 542/31/542 543/32/543
f 544/1/544 545/1/545 546/1/546 547/1/547
f 548/1/548 549/1/549 550/1/550 551/1/551
f 552/1/552 553/1/553 554/1/554 516/1/516
f 555/1/555 556/1/556 557/1/557 558/1/558
f 559/1/559 560/1/560 561/1/561 562/1/562
f 563/1/563 564/1/564 48/1/48 47/1/47
f 565/1/565 47/1/47 50/1/50 566/1/566
f 337/1/337 336/1/336 567/1/567 568/1/568
f 569/1/569 570/1/570 571/1/571 572/1/572
f 573/1/573 574/1/574 575/1/575 576/1/576
f 577/1/577 578/1/578 579/1/579 580/1/580
f 581/1/581 582/1/582 209/1/209 434/1/434
f 583/1/583 584/1/584 585/1/585 586/1/586
f 587/1/587 588/1/588 589/1/589 590/1/590
f 591/1/591 586/1/586 592/1/592 588/1/588
f 593/1/593 594/1/594 595/1/595 596/1/596
f 41/1/41 597/1/597 598/1/598 594/1/594
f 599/1/599 596/1/596 600/1/600 601/1/601
f 505/1/505 602/1/602 603/1/603 604/1/604
f 605/1/605 606/1/606 5/1/5 607/1/607
f 608/1/608 609/1/609 610/1/610 611/1/611
f 612/1/612 613/1/613 614/1/614 615/1/615
f 616/1/616 2/1/2 617/1/617 618/1/618
f 619/33/619 620/34/620 621/35/621 622/36/622
f 623/1/623 624/1/624 625/1/625 626/1/626
f 627/1/627 628/1/628 629/1/629 630/1/630
f 631/1/631 632/1/632 633/1/633 634/1/634
f 635/1/635 625/1/625 630/1/630 636/1/636 637/1/637
f 638/1/638 639/1/639 640/1/640 641/1/641
f 642/1/642 643/1/643 644/1/644 645/1/645
f 646/1/646 647/1/647 648/1/648 649/1/649
f 650/1/650 651/1/651 169/1/169 652/1/652
f 653/1/653 654/1/654 655/1/655 656/1/656
f 657/1/657 658/1/658 659/1/659 660/1/660
f 661/1/661 662/1/662 663/1/663 664/1/664
f 665/1/665 666/1/666 667/1/667 668/1/668
f 669/1/669 670/1/670 671/1/671 672/1/672
f 673/1/673 674/1/674 675/1/675 676/1/676
f 677/1/677 678/1/678 679/1/679 680/1/680
f 681/1/681 682/1/682 683/1/683 684/1/684
f 685/1/685 686/1/686 687/1/687 688/1/688
f 689/1/689 690/1/690 691/1/691 692/1/692
f 693/1/693 694/1/694 695/1/695 696/1/696
f 697/1/697 698/1/698 699/1/699 700/1/700
f 701/1/701 702/1/702 703/1/703 704/1/704
f 705/1/705 706/1/706 707/1/707 708/1/708
f 709/1/709 710/1/710 711/1/711 712/1/712
f 713/1/713 607/1/607 714/1/714 715/1/715
f 449/1/449 716/1/716 717/1/717 718/1/718
f 719/1/719 720/1/720 721/1/721 722/1/722
f 723/1/723 724/1/724 725/1/725 726/1/726
f 727/1/727 726/1/726 728/1/728 729/1/729
f 730/1/730 731/1/731 732/1/732 733/1/733
f 734/1/734 735/1/735 736/1/736 737/1/737
f 735/1/735 738/1/738 739/1/739 736/1/736
f 740/1/740 741/1/741 742/1/742 743/1/743
f 744/1/744 745/1/745 746/1/746 747/1/747
f 748/1/748 749/1/749 750/1/750 751/1/751
f 752/1/752 753/1/753 754/1/754 755/1/755
f 756/1/756 757/1/757 758/1/758 759/1/759
f 760/1/760 761/1/761 762/1/762 763/1/763
f 764/1/764 765/1/765 766/1/766 767/1/767
f 768/1/768 769/1/769 770/1/770 771/1/771
f 772/1/772 773/1/773 774/1/774 775/1/775
f 776/1/776 777/1/777 778/1/778 779/1/779
f 176/1/176 780/1/780 781/1/781 782/1/782
f 302/1/302 301/1/301 783/1/783 784/1/784
f 785/1/785 786/1/786 787/1/787 788/1/788
f 789/1/789 785/1/785 788/1/788 790/1/790
f 791/1/791 498/1/498 792/1/792 793/1/793
f 794/1/794 795/1/795 796/1/796 797/1/797
f 783/1/783 798/1/798 799/1/799 800/1/800
f 782/1/782 781/1/781 276/1/276 801/1/801
f 732/1/732 802/1/802 803/1/803 804/1/804
f 805/1/805 806/1/806 724/1/724 723/1/723
f 807/1/807 808/1/808 10/1/10 9/1/9
f 809/1/809 593/1/593 596/1/596 599/1/599
f 579/1/579 810/1/810 811/1/811 812/1/812
f 813/1/813 23/1/23 26/1/26 814/1/814
f 815/1/815 563/1/563 47/1/47 565/1/565
f 561/1/561 816/1/816 577/1/577 817/1/817
f 818/1/818 819/1/819 55/1/55 820/1/820
f 821/1/821 822/1/822 823/1/823 824/1/824
f 825/1/825 826/1/826 827/1/827 828/1/828
f 829/1/829 446/1/446 63/1/63 486/1/486
f 830/1/830 831/1/831 441/1/441 440/1/440
f 832/1/832 833/1/833 834/1/834 835/1/835
f 836/1/836 837/1/837 152/1/152 411/1/411
f 838/1/838 839/1/839 410/1/410 840/1/840
f 338/1/338 395/1/395 841/1/841 842/1/842
f 341/1/341 339/1/339 843/1/843 844/1/844
f 845/33/845 846/37/846 847/35/847 848/34/848
f 849/1/849 850/1/850 851/1/851 852/1/852
f 280/1/280 279/1/279 853/1/853 854/1/854
f 229/1/229 182/1/182 185/1/185 230/1/230
f 855/1/855 494/1/494 856/1/856 857/1/857
f 858/1/858 859/1/859 860/1/860 861/1/861
f 862/1/862 863/1/863 191/1/191 190/1/190
f 864/1/864 865/1/865 866/1/866 786/1/786
f 163/1/163 867/1/867 734/1/734 164/1/164
f 154/1/154 868/1/868 332/1/332 869/1/869
f 870/1/870 871/1/871 872/1/872 873/1/873
f 65/1/65 135/1/135 134/1/134 874/1/874
f 49/1/49 572/1/572 875/1/875 556/1/556
f 876/1/876 562/1/562 877/1/877 878/1/878
f 8/1/8 7/1/7 73/1/73 307/1/307
f 57/1/57 879/1/879 880/1/880 881/1/881
f 183/1/183 272/1/272 222/1/222 184/1/184
f 882/1/882 883/1/883 186/1/186 199/1/199
f 884/1/884 784/1/784 179/1/179 178/1/178
f 389/1/389 885/1/885 886/1/886 390/1/390
f 404/1/404 156/1/156 159/1/159 887/1/887
f 888/1/888 889/1/889 890/1/890 891/1/891
f 557/1/557 892/1/892 893/1/893 894/1/894
f 895/1/895 896/1/896 574/1/574 573/1/573
f 897/1/897 898/1/898 899/1/899 900/1/900
f 787/1/787 901/1/901 902/1/902 903/1/903
f 904/1/904 905/1/905 781/1/781 780/1/780
f 798/1/798 782/1/782 801/1/801 799/1/799
f 906/1/906 907/1/907 908/1/908 909/1/909
f 910/1/910 911/1/911 912/1/912 913/1/913
f 914/1/914 915/1/915 916/1/916 917/1/917
f 918/1/918 919/1/919 920/1/920 921/1/921
f 922/1/922 923/1/923 924/1/924 925/1/925
f 926/1/926 927/1/927 928/1/928 929/1/929
f 930/1/930 931/1/931 932/1/932 933/1/933
f 934/1/934 935/1/935 936/1/936 937/1/937
f 938/1/938 939/1/939 940/1/940 941/1/941
f 942/1/942 943/1/943 944/1/944 945/1/945
f 946/1/946 947/1/947 948/1/948 949/1/949
f 950/1/950 951/1/951 952/1/952 953/1/953
f 954/1/954 955/1/955 956/1/956 957/1/957
f 958/1/958 959/1/959 960/1/960 961/1/961
f 962/1/962 963/1/963 964/1/964 965/1/965
f 966/1/966 967/1/967 60/1/60 968/1/968
f 969/1/969 970/1/970 971/1/971 972/1/972
f 973/1/973 974/1/974 975/1/975 976/1/976
f 977/1/977 978/1/978 979/1/979 980/1/980
f 981/1/981 982/1/982 983/1/983 984/1/984
f 985/1/985 986/1/986 987/1/987 988/1/988
f 989/1/989 990/1/990 991/1/991 992/1/992
f 993/1/993 994/1/994 995/1/995 996/1/996
f 997/1/997 998/1/998 999/1/999 1000/1/1000
f 1001/1/1001 1002/1/1002 1003/1/1003 1004/1/1004
f 1005/1/1005 1006/1/1006 1007/1/1007 1008/1/1008
f 1009/1/1009 1010/1/1010 1011/1/1011 1012/1/1012
f 1013/1/1013 1014/1/1014 1015/1/1015 1016/1/1016
f 1017/1/1017 1018/1/1018 1019/1/1019 1020/1/1020
f 1021/1/1021 1022/1/1022 1023/1/1023 1024/1/1024
f 1025/1/1025 1026/1/1026 1027/1/1027 1028/1/1028
f 1029/1/1029 1030/1/1030 1031/1/1031 1032/1/1032
f 1033/1/1033 1034/1/1034 1035/1/1035 1036/1/1036
f 1037/1/1037 1038/1/1038 1039/1/1039 1040/1/1040
f 1041/1/1041 1042/1/1042 1043/1/1043 1044/1/1044
f 1045/1/1045 1046/1/1046 1047/1/1047 1048/1/1048
f 1049/1/1049 1050/1/1050 1051/1/1051 1052/1/1052
f 1053/1/1053 1054/1/1054 1055/1/1055 1056/1/1056
f 1057/1/1057 22/1/22 1058/1/1058 1059/1/1059
f 1060/1/1060 1061/1/1061 1062/1/1062 1063/1/1063
f 1064/1/1064 1065/1/1065 1066/1/1066 1067/1/1067
f 1068/1/1068 1069/1/1069 1070/1/1070 1071/1/1071
f 1072/1/1072 1073/1/1073 1074/1/1074 1075/1/1075
f 1076/1/1076 1077/1/1077 1078/1/1078 1079/1/1079
f 1080/1/1080 1081/1/1081 1082/1/1082 1083/1/1083
f 1084/1/1084 1085/1/1085 1086/1/1086 1087/1/1087
f 1088/1/1088 1089/1/1089 1090/1/1090 1091/1/1091
f 1092/1/1092 297/1/297 526/1/526 1093/1/1093
f 1094/1/1094 1095/1/1095 1096/1/1096 1097/1/1097
f 1098/1/1098 1099/1/1099 1100/1/1100 1101/1/1101
f 1102/1/1102 1103/1/1103 1104/1/1104 1105/1/1105
f 1106/1/1106 1107/1/1107 1108/1/1108 1109/1/1109
f 1110/1/1110 1111/1/1111 1112/1/1112 1113/1/1113
f 1114/1/1114 1115/1/1115 1116/1/1116 1117/1/1117
f 1118/1/1118 1119/1/1119 6/1/6 1120/1/1120
f 1121/1/1121 1122/1/1122 1123/1/1123 1124/1/1124
f 1125/1/1125 1126/1/1126 1127/1/1127 1128/1/1128
f 1129/1/1129 1130/1/1130 1131/1/1131 1132/1/1132
f 1133/1/1133 1134/1/1134 1135/1/1135 1136/1/1136
f 1137/1/1137 1138/1/1138 1139/1/1139 1140/1/1140
f 739/1/739 1141/1/1141 1142/1/1142 1143/1/1143
f 1144/1/1144 869/1/869 1145/1/1145 1146/1/1146
f 437/1/437 449/1/449 718/1/718 438/1/438
f 1147/1/1147 1148/1/1148 1149/1/1149 602/1/602
f 1150/1/1150 1151/1/1151 1152/1/1152 1153/1/1153
f 580/1/580 579/1/579 812/1/812 1154/1/1154
f 1155/1/1155 568/1/568 570/1/570 569/1/569
f 1156/1/1156 1157/1/1157 815/1/815 1158/1/1158
f 1159/1/1159 1160/1/1160 1147/1/1147 504/1/504
f 1161/1/1161 1162/1/1162 1163/1/1163 1164/1/1164
f 500/1/500 1165/1/1165 1166/1/1166 501/1/501
f 396/1/396 399/1/399 446/1/446 829/1/829
f 405/1/405 1167/1/1167 1168/1/1168 444/1/444
f 1169/1/1169 1170/1/1170 1171/1/1171 1172/1/1172
f 1173/1/1173 1174/1/1174 1175/1/1175 1176/1/1176
f 1177/1/1177 1178/1/1178 1179/1/1179 833/1/833
f 1180/1/1180 1181/1/1181 1182/1/1182 837/1/837
f 398/1/398 1183/1/1183 1184/1/1184 400/1/400
f 1185/1/1185 1186/1/1186 1187/1/1187 1188/1/1188
f 1189/1/1189 1190/1/1190 1191/1/1191 1192/1/1192
f 1193/1/1193 1194/1/1194 1195/1/1195 1196/1/1196
f 1157/1/1157 1156/1/1156 885/1/885 389/1/389
f 164/1/164 734/1/734 737/1/737 1197/1/1197
f 310/1/310 309/1/309 1198/1/1198 1199/1/1199
f 1200/1/1200 1201/1/1201 1202/1/1202 1203/1/1203
f 1204/1/1204 1205/1/1205 1206/1/1206 1207/1/1207
f 1208/1/1208 804/1/804 803/1/803 1209/1/1209
f 1210/1/1210 1211/1/1211 1212/1/1212 1213/1/1213
f 1214/1/1214 1215/1/1215 1216/1/1216 1217/1/1217
f 1218/1/1218 1219/1/1219 1220/1/1220 1221/1/1221
f 1222/1/1222 1223/1/1223 1224/1/1224 1225/1/1225
f 1226/1/1226 1227/1/1227 1228/1/1228 1229/1/1229
f 1230/1/1230 351/1/351 362/1/362 1231/1/1231
f 1232/1/1232 1233/1/1233 850/1/850 849/1/849
f 1234/38/1234 1235/39/1235 1236/40/1236 1237/41/1237
f 1238/1/1238 280/1/280 854/1/854 1239/1/1239
f 1240/1/1240 1241/1/1241 1242/1/1242 1243/1/1243
f 204/1/204 1244/1/1244 859/1/859 858/1/858
f 1245/1/1245 1246/1/1246 1247/1/1247 1248/1/1248
f 1249/1/1249 1250/1/1250 1251/1/1251 1252/1/1252
f 1253/1/1253 94/1/94 1058/1/1058 1254/1/1254
f 199/1/199 186/1/186 189/1/189 200/1/200
f 857/1/857 856/1/856 495/1/495 1255/1/1255
f 278/1/278 178/1/178 181/1/181 279/1/279
f 1256/1/1256 1257/1/1257 1258/1/1258 1259/1/1259
f 1260/1/1260 1261/1/1261 1262/1/1262 1263/1/1263
f 1264/1/1264 1248/1/1248 1247/1/1247 1265/1/1265
f 1266/1/1266 1267/1/1267 1268/1/1268 167/1/167
f 834/1/834 1269/1/1269 1270/1/1270 1271/1/1271
f 442/1/442 1272/1/1272 1273/1/1273 1274/1/1274
f 54/1/54 53/1/53 1275/1/1275 1148/1/1148
f 1276/1/1276 1150/1/1150 1153/1/1153 1277/1/1277
f 720/1/720 1278/1/1278 1279/1/1279 721/1/721
f 1280/1/1280 1281/1/1281 1282/1/1282 1283/1/1283
f 1284/1/1284 1285/1/1285 1286/1/1286 1287/1/1287
f 1288/1/1288 264/1/264 617/1/617 1289/1/1289
f 1285/1/1285 1288/1/1288 1289/1/1289 1286/1/1286
f 355/1/355 352/1/352 1288/1/1288 1285/1/1285
f 352/1/352 265/1/265 264/1/264 1288/1/1288
f 385/1/385 1284/1/1284 1287/1/1287 386/1/386
f 348/1/348 356/1/356 1284/1/1284 385/1/385
f 356/1/356 355/1/355 1285/1/1285 1284/1/1284
f 343/1/343 1280/1/1280 1283/1/1283 344/1/344
f 386/1/386 1287/1/1287 1280/1/1280 343/1/343
f 1287/1/1287 1286/1/1286 1281/1/1281 1280/1/1280
f 607/1/607 5/1/5 8/1/8 714/1/714
f 1290/1/1290 9/1/9 12/1/12 898/1/898
f 1291/1/1291 17/1/17 20/1/20 1292/1/1292
f 812/1/812 811/1/811 587/1/587 24/1/24
f 585/1/585 198/1/198 201/1/201 1293/1/1293
f 816/1/816 1294/1/1294 578/1/578 577/1/577
f 56/1/56 604/1/604 879/1/879 57/1/57
f 1295/1/1295 1296/1/1296 1297/1/1297 1298/1/1298
f 1299/1/1299 1300/1/1300 503/1/503 1301/1/1301
f 1302/1/1302 151/1/151 1303/1/1303 1304/1/1304
f 828/1/828 827/1/827 871/1/871 870/1/870
f 1305/1/1305 147/1/147 436/1/436 1306/1/1306
f 1307/1/1307 1308/1/1308 727/1/727 1309/1/1309
f 153/1/153 1310/1/1310 868/1/868 154/1/154
f 1311/1/1311 275/1/275 1312/1/1312 1313/1/1313
f 1314/1/1314 1315/1/1315 1316/1/1316 1317/1/1317
f 390/1/390 886/1/886 430/1/430 1318/1/1318
f 1183/1/1183 1319/1/1319 1320/1/1320 1184/1/1184
f 1261/1/1261 1264/1/1264 1265/1/1265 1262/1/1262
f 452/1/452 320/1/320 1264/1/1264 1261/1/1261
f 320/1/320 290/1/290 1248/1/1248 1264/1/1264
f 483/1/483 1260/1/1260 1263/1/1263 484/1/484
f 317/1/317 453/1/453 1260/1/1260 483/1/483
f 453/1/453 452/1/452 1261/1/1261 1260/1/1260
f 312/1/312 1256/1/1256 1259/1/1259 313/1/313
f 484/1/484 1263/1/1263 1256/1/1256 312/1/312
f 1263/1/1263 1262/1/1262 1257/1/1257 1256/1/1256
f 1242/1/1242 270/1/270 272/1/272 183/1/183
f 1321/1/1321 1322/1/1322 1323/1/1323 1324/1/1324
f 1325/1/1325 287/1/287 299/1/299 1326/1/1326
f 1327/1/1327 193/1/193 1328/1/1328 1329/1/1329
f 1330/1/1330 1331/1/1331 862/1/862 1332/1/1332
f 1333/1/1333 1330/1/1330 1332/1/1332 195/1/195
f 581/1/581 1334/1/1334 1335/1/1335 1336/1/1336 582/1/582
f 510/1/510 509/1/509 882/1/882 1337/1/1337
f 196/1/196 1338/1/1338 1327/1/1327 197/1/197
f 1250/1/1250 1253/1/1253 1254/1/1254 1251/1/1251
f 519/1/519 298/1/298 1253/1/1253 1250/1/1250
f 298/1/298 95/1/95 94/1/94 1253/1/1253
f 549/1/549 1249/1/1249 1252/1/1252 550/1/550
f 294/1/294 520/1/520 1249/1/1249 549/1/549
f 520/1/520 519/1/519 1250/1/1250 1249/1/1249
f 289/1/289 1245/1/1245 1248/1/1248 290/1/290
f 550/1/550 1252/1/1252 1245/1/1245 289/1/289
f 1252/1/1252 1251/1/1251 1246/1/1246 1245/1/1245
f 231/1/231 230/1/230 1339/1/1339 1340/1/1340
f 899/1/899 1341/1/1341 855/1/855 1342/1/1342
f 900/1/900 899/1/899 1342/1/1342 203/1/203
f 1343/1/1343 729/1/729 267/1/267 1241/1/1241
f 1344/1/1344 1345/1/1345 1240/1/1240 1346/1/1346
f 1347/1/1347 878/1/878 1348/1/1348 1349/1/1349
f 1350/1/1350 1351/1/1351 1352/1/1352 1353/1/1353
f 269/1/269 1354/1/1354 1355/1/1355 271/1/271
f 878/1/878 877/1/877 1356/1/1356 1348/1/1348
f 1357/42/1357 1358/43/1358 1359/44/1359 1360/45/1360
f 1361/1/1361 1362/1/1362 1363/1/1363 1329/1/1329
f 323/1/323 322/1/322 1364/1/1364 1365/1/1365 1366/1/1366 1367/1/1367
f 326/1/326 849/1/849 852/1/852 1368/1/1368
f 848/34/848 847/35/847 1369/46/1369 1370/47/1370
f 1371/1/1371 1372/1/1372 1373/1/1373 285/1/285
f 306/1/306 305/1/305 1321/1/1321 1374/1/1374
f 282/1/282 1371/1/1371 285/1/285 283/1/283
f 1227/1/1227 1230/1/1230 1231/1/1231 1228/1/1228
f 610/1/610 266/1/266 1230/1/1230 1227/1/1227
f 266/1/266 265/1/265 351/1/351 1230/1/1230
f 639/1/639 1226/1/1226 1229/1/1229 640/1/640
f 1375/1/1375 611/1/611 1226/1/1226 639/1/639
f 611/1/611 610/1/610 1227/1/1227 1226/1/1226
f 256/1/256 1222/1/1222 1225/1/1225 257/1/257
f 640/1/640 1229/1/1229 1222/1/1222 256/1/256
f 1229/1/1229 1228/1/1228 1223/1/1223 1222/1/1222
f 1215/1/1215 1218/1/1218 1221/1/1221 1216/1/1216
f 644/1/644 254/1/254 1218/1/1218 1215/1/1215
f 254/1/254 253/1/253 1219/1/1219 1218/1/1218
f 674/1/674 1214/1/1214 1217/1/1217 675/1/675
f 250/1/250 645/1/645 1214/1/1214 674/1/674
f 645/1/645 644/1/644 1215/1/1215 1214/1/1214
f 245/1/245 1210/1/1210 1213/1/1213 246/1/246
f 675/1/675 1217/1/1217 1210/1/1210 245/1/245
f 1217/1/1217 1216/1/1216 1211/1/1211 1210/1/1210
f 1205/1/1205 1208/1/1208 1209/1/1209 1206/1/1206
f 679/1/679 243/1/243 1208/1/1208 1205/1/1205
f 243/1/243 242/1/242 804/1/804 1208/1/1208
f 710/1/710 1204/1/1204 1207/1/1207 711/1/711
f 238/1/238 680/1/680 1204/1/1204 710/1/710
f 680/1/680 679/1/679 1205/1/1205 1204/1/1204
f 233/1/233 1200/1/1200 1203/1/1203 234/1/234
f 711/1/711 1207/1/1207 1200/1/1200 233/1/233
f 1207/1/1207 1206/1/1206 1201/1/1201 1200/1/1200
f 1376/1/1376 303/1/303 306/1/306 1377/1/1377
f 1378/48/1378 1379/49/1379 1380/50/1380 1381/51/1381
f 1382/1/1382 327/1/327 1315/1/1315 1314/1/1314
f 1383/52/1383 1384/53/1384 1385/54/1385 329/14/1386
f 1386/55/1387 1387/56/1388 1388/57/846 1389/58/1389
f 1175/1/1175 1390/1/1390 651/1/651 37/1/37
f 1391/1/1391 340/1/340 341/1/341 1392/1/1392
f 337/1/337 392/1/392 395/1/395 338/1/338
f 393/1/393 1393/1/1393 388/1/388 394/1/394
f 1190/1/1190 1193/1/1193 1196/1/1196 1191/1/1191
f 746/1/746 221/1/221 1193/1/1193 1190/1/1190
f 221/1/221 220/1/220 1194/1/1194 1193/1/1193
f 777/1/777 1189/1/1189 1192/1/1192 778/1/778
f 216/1/216 747/1/747 1189/1/1189 777/1/777
f 747/1/747 746/1/746 1190/1/1190 1189/1/1189
f 211/1/211 1185/1/1185 1188/1/1188 212/1/212
f 778/1/778 1192/1/1192 1185/1/1185 211/1/211
f 1192/1/1192 1191/1/1191 1186/1/1186 1185/1/1185
f 159/1/159 158/1/158 1394/1/1394 1395/1/1395
f 887/1/887 159/1/159 1395/1/1395 397/1/397
f 1396/1/1396 1397/1/1397 839/1/839 838/1/838
f 1398/1/1398 1399/1/1399 1400/1/1400 1401/1/1401 1314/1/1314 1317/1/1317 1402/1/1402
f 403/1/403 1403/1/1403 156/1/156 404/1/404
f 413/1/413 412/1/412 1404/1/1404 1405/1/1405
f 416/1/416 1406/1/1406 1307/1/1307 419/1/419
f 1407/1/1407 421/1/421 1344/1/1344 1408/1/1408
f 1409/59/1409 1410/60/1410 1411/61/1411 1412/62/1412
f 1413/1/1413 835/1/835 1414/1/1414 1415/1/1415
f 1416/1/1416 832/1/832 835/1/835 1413/1/1413
f 885/1/885 1156/1/1156 1158/1/1158 427/1/427
f 1417/1/1417 1418/1/1418 830/1/830 808/1/808
f 1419/1/1419 1420/1/1420 1421/1/1421 1373/1/1373 1372/1/1372
f 430/1/430 886/1/886 426/1/426 431/1/431
f 10/1/10 440/1/440 443/1/443 11/1/11
f 1422/1/1422 1423/1/1423 1424/1/1424 1425/1/1425
f 401/1/401 1426/1/1426 933/1/933 447/1/447
f 1298/1/1298 1297/1/1297 825/1/825 1427/1/1427
f 497/1/497 1298/1/1298 1427/1/1427 1428/1/1428
f 1429/1/1429 1430/1/1430 888/1/888 1431/1/1431
f 856/1/856 1432/1/1432 496/1/496 495/1/495
f 1273/1/1273 1433/1/1433 1434/1/1434 488/1/488
f 1435/1/1435 1436/1/1436 821/1/821 1437/1/1437
f 819/1/819 506/1/506 56/1/56 55/1/55
f 597/1/597 1438/1/1438 818/1/818 598/1/598
f 1181/1/1181 1180/1/1180 1161/1/1161 512/1/512
f 556/1/556 875/1/875 892/1/892 557/1/557
f 514/1/514 513/1/513 1439/1/1439 1440/1/1440
f 1397/1/1397 1396/1/1396 1441/1/1441 1442/1/1442
f 336/1/336 340/1/340 1443/1/1443 567/1/567
f 562/1/562 561/1/561 817/1/817 877/1/877
f 1393/1/1393 393/1/393 564/1/564 563/1/563
f 896/1/896 1444/1/1444 1276/1/1276 574/1/574
f 866/1/866 814/1/814 895/1/895 901/1/901
f 1445/1/1445 576/1/576 1313/1/1313 1312/1/1312
f 1446/1/1446 1447/1/1447 813/1/813 865/1/865
f 1447/1/1447 1154/1/1154 23/1/23 813/1/813
f 1448/1/1448 1449/1/1449 583/1/583 1450/1/1450
f 1451/1/1451 1452/1/1452 1151/1/1151 1150/1/1150
f 1453/1/1453 1454/1/1454 1455/1/1455 1456/1/1456
f 42/1/42 41/1/41 594/1/594 593/1/593
f 1148/1/1148 1275/1/1275 807/1/807 1149/1/1149
f 1457/1/1457 601/1/601 1448/1/1448 1458/1/1458
f 603/1/603 1290/1/1290 898/1/898 897/1/897
f 1459/1/1459 719/1/719 722/1/722 1460/1/1460
f 871/1/871 715/1/715 1199/1/1199 872/1/872
f 827/1/827 713/1/713 715/1/715 871/1/871
f 1404/1/1404 1144/1/1144 1146/1/1146 1461/1/1461
f 1303/1/1303 1462/1/1462 1463/1/1463 1464/1/1464
f 1308/1/1308 723/1/723 726/1/726 727/1/727
f 1268/1/1268 1465/1/1465 1219/1/1219 253/1/253
f 742/1/742 1466/1/1466 1467/1/1467 1468/1/1468
f 1469/1/1469 743/1/743 1470/1/1470 1322/1/1322
f 1134/1/1134 1137/1/1137 1140/1/1140 1135/1/1135
f 908/1/908 143/1/143 1137/1/1137 1134/1/1134
f 143/1/143 142/1/142 1138/1/1138 1137/1/1137
f 939/1/939 1133/1/1133 1136/1/1136 940/1/940
f 138/1/138 909/1/909 1133/1/1133 939/1/939
f 909/1/909 908/1/908 1134/1/1134 1133/1/1133
f 133/1/133 1129/1/1129 1132/1/1132 134/1/134
f 940/1/940 1136/1/1136 1129/1/1129 133/1/133
f 1136/1/1136 1135/1/1135 1130/1/1130 1129/1/1129
f 1122/1/1122 1125/1/1125 1128/1/1128 1123/1/1123
f 944/1/944 131/1/131 1125/1/1125 1122/1/1122
f 131/1/131 130/1/130 1126/1/1126 1125/1/1125
f 974/1/974 1121/1/1121 1124/1/1124 975/1/975
f 126/1/126 945/1/945 1121/1/1121 974/1/974
f 945/1/945 944/1/944 1122/1/1122 1121/1/1121
f 122/1/122 1118/1/1118 1120/1/1120 123/1/123
f 975/1/975 1124/1/1124 1118/1/1118 122/1/122
f 1124/1/1124 1123/1/1123 1119/1/1119 1118/1/1118
f 1111/1/1111 1114/1/1114 1117/1/1117 1112/1/1112
f 979/1/979 120/1/120 1114/1/1114 1111/1/1111
f 120/1/120 119/1/119 1115/1/1115 1114/1/1114
f 1010/1/1010 1110/1/1110 1113/1/1113 1011/1/1011
f 115/1/115 980/1/980 1110/1/1110 1010/1/1010
f 980/1/980 979/1/979 1111/1/1111 1110/1/1110
f 110/1/110 1106/1/1106 1109/1/1109 111/1/111
f 1011/1/1011 1113/1/1113 1106/1/1106 110/1/110
f 1113/1/1113 1112/1/1112 1107/1/1107 1106/1/1106
f 1099/1/1099 1102/1/1102 1105/1/1105 1100/1/1100
f 1015/1/1015 108/1/108 1102/1/1102 1099/1/1099
f 108/1/108 107/1/107 1103/1/1103 1102/1/1102
f 1046/1/1046 1098/1/1098 1101/1/1101 1047/1/1047
f 103/1/103 1016/1/1016 1098/1/1098 1046/1/1046
f 1016/1/1016 1015/1/1015 1099/1/1099 1098/1/1098
f 98/1/98 1094/1/1094 1097/1/1097 99/1/99
f 1047/1/1047 1101/1/1101 1094/1/1094 98/1/98
f 1101/1/1101 1100/1/1100 1095/1/1095 1094/1/1094
f 1089/1/1089 1092/1/1092 1093/1/1093 1090/1/1090
f 1051/1/1051 96/1/96 1092/1/1092 1089/1/1089
f 96/1/96 95/1/95 297/1/297 1092/1/1092
f 1081/1/1081 1088/1/1088 1091/1/1091 1082/1/1082
f 91/1/91 1052/1/1052 1088/1/1088 1081/1/1081
f 1052/1/1052 1051/1/1051 1089/1/1089 1088/1/1088
f 86/1/86 1084/1/1084 1087/1/1087 87/1/87
f 1082/1/1082 1091/1/1091 1084/1/1084 86/1/86
f 1091/1/1091 1090/1/1090 1085/1/1085 1084/1/1084
f 1077/1/1077 1080/1/1080 1083/1/1083 1078/1/1078
f 1062/1/1062 92/1/92 1080/1/1080 1077/1/1077
f 92/1/92 91/1/91 1081/1/1081 1080/1/1080
f 1103/1/1103 1076/1/1076 1079/1/1079 1104/1/1104
f 107/1/107 1063/1/1063 1076/1/1076 1103/1/1103
f 1063/1/1063 1062/1/1062 1077/1/1077 1076/1/1076
f 79/1/79 1072/1/1072 1075/1/1075 80/1/80
f 1104/1/1104 1079/1/1079 1072/1/1072 79/1/79
f 1079/1/1079 1078/1/1078 1073/1/1073 1072/1/1072
f 1065/1/1065 1068/1/1068 1071/1/1071 1066/1/1066
f 476/1/476 314/1/314 1068/1/1068 1065/1/1065
f 314/1/314 313/1/313 1069/1/1069 1068/1/1068
f 1022/1/1022 1064/1/1064 1067/1/1067 1023/1/1023
f 45/1/45 477/1/477 1064/1/1064 1022/1/1022
f 477/1/477 476/1/476 1065/1/1065 1064/1/1064
f 106/1/106 1060/1/1060 1063/1/1063 107/1/107
f 1023/1/1023 1067/1/1067 1060/1/1060 106/1/106
f 1067/1/1067 1066/1/1066 1061/1/1061 1060/1/1060
f 1054/1/1054 1057/1/1057 1059/1/1059 1055/1/1055
f 1258/1/1258 16/1/16 1057/1/1057 1054/1/1054
f 16/1/16 15/1/15 22/1/22 1057/1/1057
f 1069/1/1069 1053/1/1053 1056/1/1056 1070/1/1070
f 313/1/313 1259/1/1259 1053/1/1053 1069/1/1069
f 1259/1/1259 1258/1/1258 1054/1/1054 1053/1/1053
f 90/1/90 1049/1/1049 1052/1/1052 91/1/91
f 1070/1/1070 1056/1/1056 1049/1/1049 90/1/90
f 1056/1/1056 1055/1/1055 1050/1/1050 1049/1/1049
f 1042/1/1042 1045/1/1045 1048/1/1048 1043/1/1043
f 1027/1/1027 104/1/104 1045/1/1045 1042/1/1042
f 104/1/104 103/1/103 1046/1/1046 1045/1/1045
f 1471/1/1471 1041/1/1041 1044/1/1044 1472/1/1472
f 1473/1/1473 1028/1/1028 1041/1/1041 1471/1/1471
f 1028/1/1028 1027/1/1027 1042/1/1042 1041/1/1041
f 1474/1/1474 1037/1/1037 1040/1/1040 1475/1/1475
f 1472/1/1472 1044/1/1044 1037/1/1037 1474/1/1474
f 1044/1/1044 1043/1/1043 1038/1/1038 1037/1/1037
f 1030/1/1030 1033/1/1033 1036/1/1036 1031/1/1031
f 770/1/770 213/1/213 1033/1/1033 1030/1/1030
f 213/1/213 212/1/212 1034/1/1034 1033/1/1033
f 1476/1/1476 1029/1/1029 1032/1/1032 1477/1/1477
f 1478/1/1478 771/1/771 1029/1/1029 1476/1/1476
f 771/1/771 770/1/770 1030/1/1030 1029/1/1029
f 1479/1/1479 1025/1/1025 1028/1/1028 1473/1/1473
f 1477/1/1477 1032/1/1032 1025/1/1025 1479/1/1479
f 1032/1/1032 1031/1/1031 1026/1/1026 1025/1/1025
f 1018/1/1018 1021/1/1021 1024/1/1024 1019/1/1019
f 1187/1/1187 46/1/46 1021/1/1021 1018/1/1018
f 46/1/46 45/1/45 1022/1/1022 1021/1/1021
f 1034/1/1034 1017/1/1017 1020/1/1020 1035/1/1035
f 212/1/212 1188/1/1188 1017/1/1017 1034/1/1034
f 1188/1/1188 1187/1/1187 1018/1/1018 1017/1/1017
f 102/1/102 1013/1/1013 1016/1/1016 103/1/103
f 1035/1/1035 1020/1/1020 1013/1/1013 102/1/102
f 1020/1/1020 1019/1/1019 1014/1/1014 1013/1/1013
f 1006/1/1006 1009/1/1009 1012/1/1012 1007/1/1007
f 991/1/991 116/1/116 1009/1/1009 1006/1/1006
f 116/1/116 115/1/115 1010/1/1010 1009/1/1009
f 1480/1/1480 1005/1/1005 1008/1/1008 1481/1/1481
f 1482/1/1482 992/1/992 1005/1/1005 1480/1/1480
f 992/1/992 991/1/991 1006/1/1006 1005/1/1005
f 1483/1/1483 1001/1/1001 1004/1/1004 1484/1/1484
f 1481/1/1481 1008/1/1008 1001/1/1001 1483/1/1483
f 1008/1/1008 1007/1/1007 1002/1/1002 1001/1/1001
f 994/1/994 997/1/997 1000/1/1000 995/1/995
f 1039/1/1039 100/1/100 997/1/997 994/1/994
f 100/1/100 99/1/99 998/1/998 997/1/997
f 1485/1/1485 993/1/993 996/1/996 1486/1/1486
f 1475/1/1475 1040/1/1040 993/1/993 1485/1/1485
f 1040/1/1040 1039/1/1039 994/1/994 993/1/993
f 1487/1/1487 989/1/989 992/1/992 1482/1/1482
f 1486/1/1486 996/1/996 989/1/989 1487/1/1487
f 996/1/996 995/1/995 990/1/990 989/1/989
f 982/1/982 985/1/985 988/1/988 983/1/983
f 1096/1/1096 81/1/81 985/1/985 982/1/982
f 81/1/81 80/1/80 986/1/986 985/1/985
f 998/1/998 981/1/981 984/1/984 999/1/999
f 99/1/99 1097/1/1097 981/1/981 998/1/998
f 1097/1/1097 1096/1/1096 982/1/982 981/1/981
f 114/1/114 977/1/977 980/1/980 115/1/115
f 999/1/999 984/1/984 977/1/977 114/1/114
f 984/1/984 983/1/983 978/1/978 977/1/977
f 970/1/970 973/1/973 976/1/976 971/1/971
f 956/1/956 127/1/127 973/1/973 970/1/970
f 127/1/127 126/1/126 974/1/974 973/1/973
f 1138/1/1138 969/1/969 972/1/972 1139/1/1139
f 142/1/142 957/1/957 969/1/969 1138/1/1138
f 957/1/957 956/1/956 970/1/970 969/1/969
f 68/1/68 966/1/966 968/1/968 69/1/69
f 1139/1/1139 972/1/972 966/1/966 68/1/68
f 972/1/972 971/1/971 967/1/967 966/1/966
f 959/1/959 962/1/962 965/1/965 960/1/960
f 378/1/378 345/1/345 962/1/962 959/1/959
f 345/1/345 344/1/344 963/1/963 962/1/962
f 915/1/915 958/1/958 961/1/961 916/1/916
f 76/1/76 379/1/379 958/1/958 915/1/915
f 379/1/379 378/1/378 959/1/959 958/1/958
f 141/1/141 954/1/954 957/1/957 142/1/142
f 916/1/916 961/1/961 954/1/954 141/1/141
f 961/1/961 960/1/960 955/1/955 954/1/954
f 947/1/947 950/1/950 953/1/953 948/1/948
f 1282/1/1282 4/1/4 950/1/950 947/1/947
f 4/1/4 3/1/3 951/1/951 950/1/950
f 963/1/963 946/1/946 949/1/949 964/1/964
f 344/1/344 1283/1/1283 946/1/946 963/1/963
f 1283/1/1283 1282/1/1282 947/1/947 946/1/946
f 125/1/125 942/1/942 945/1/945 126/1/126
f 964/1/964 949/1/949 942/1/942 125/1/125
f 949/1/949 948/1/948 943/1/943 942/1/942
f 935/1/935 938/1/938 941/1/941 936/1/936
f 920/1/920 139/1/139 938/1/938 935/1/935
f 139/1/139 138/1/138 939/1/939 938/1/938
f 1488/1/1488 934/1/934 937/1/937 1489/1/1489
f 1490/1/1490 921/1/921 934/1/934 1488/1/1488
f 921/1/921 920/1/920 935/1/935 934/1/934
f 1491/1/1491 930/1/930 933/1/933 1426/1/1426
f 1489/1/1489 937/1/937 930/1/930 1491/1/1491
f 937/1/937 936/1/936 931/1/931 930/1/930
f 923/1/923 926/1/926 929/1/929 924/1/924
f 1003/1/1003 112/1/112 926/1/926 923/1/923
f 112/1/112 111/1/111 927/1/927 926/1/926
f 1492/1/1492 922/1/922 925/1/925 1493/1/1493
f 1484/1/1484 1004/1/1004 922/1/922 1492/1/1492
f 1004/1/1004 1003/1/1003 923/1/923 922/1/922
f 1494/1/1494 918/1/918 921/1/921 1490/1/1490
f 1493/1/1493 925/1/925 918/1/918 1494/1/1494
f 925/1/925 924/1/924 919/1/919 918/1/918
f 911/1/911 914/1/914 917/1/917 912/1/912
f 1108/1/1108 77/1/77 914/1/914 911/1/911
f 77/1/77 76/1/76 915/1/915 914/1/914
f 927/1/927 910/1/910 913/1/913 928/1/928
f 111/1/111 1109/1/1109 910/1/910 927/1/927
f 1109/1/1109 1108/1/1108 911/1/911 910/1/910
f 137/1/137 906/1/906 909/1/909 138/1/138
f 928/1/928 913/1/913 906/1/906 137/1/137
f 913/1/913 912/1/912 907/1/907 906/1/906
f 180/1/180 1495/1/1495 1496/1/1496 1497/1/1497
f 786/1/786 866/1/866 901/1/901 787/1/787
f 784/1/784 783/1/783 800/1/800 179/1/179
f 1498/1/1498 793/1/793 1499/1/1499 795/1/795
f 192/1/192 797/1/797 1500/1/1500 1501/1/1501
f 191/1/191 794/1/794 797/1/797 192/1/192
f 736/1/736 739/1/739 1143/1/1143 1502/1/1502
f 1461/1/1461 1146/1/1146 1503/1/1503 731/1/731
f 1504/1/1504 1361/1/1361 1329/1/1329 1328/1/1328
f 1152/1/1152 1292/1/1292 853/1/853 1505/1/1505
f 1464/1/1464 1463/1/1463 559/1/559 1506/1/1506
f 1507/1/1507 605/1/605 607/1/607 713/1/713
f 1443/1/1443 511/1/511 514/1/514 1508/1/1508
f 1455/1/1455 194/1/194 18/1/18 17/1/17
f 584/1/584 1337/1/1337 198/1/198 585/1/585
f 516/1/516 554/1/554 1422/1/1422 52/1/52
f 1162/1/1162 1442/1/1442 1509/1/1509 1163/1/1163
f 506/1/506 505/1/505 604/1/604 56/1/56
f 1428/1/1428 1427/1/1427 1510/1/1510 1430/1/1430
f 1424/1/1424 1305/1/1305 1306/1/1306 1418/1/1418
f 439/1/439 438/1/438 1459/1/1459 1511/1/1511
f 1406/1/1406 1512/1/1512 1308/1/1308 1307/1/1307
f 427/1/427 1158/1/1158 149/1/149 148/1/148
f 1513/1/1513 1514/1/1514 1403/1/1403 403/1/403
f 1515/1/1515 1516/1/1516 1517/1/1517 1518/1/1518 1519/1/1519
f 1198/1/1198 1518/1/1518 303/1/303 1376/1/1376
f 1520/1/1520 162/1/162 165/1/165 333/1/333
f 268/1/268 1349/1/1349 1354/1/1354 269/1/269
f 1377/1/1377 306/1/306 1374/1/1374 1521/1/1521
f 1522/1/1522 1523/1/1523 1524/1/1524 1351/1/1351
f 195/1/195 1332/1/1332 1338/1/1338 196/1/196
f 1339/1/1339 206/1/206 209/1/209 582/1/582
f 207/1/207 223/1/223 1525/1/1525 208/1/208
f 1316/1/1316 1526/1/1526 1350/1/1350 1527/1/1527
f 1320/1/1320 733/1/733 242/1/242 241/1/241
f 1326/1/1326 299/1/299 302/1/302 1528/1/1528
f 1272/1/1272 1460/1/1460 1433/1/1433 1273/1/1273
f 147/1/147 146/1/146 437/1/437 436/1/436
f 1294/1/1294 1457/1/1457 1458/1/1458 578/1/578
f 1293/1/1293 201/1/201 1529/1/1529 1454/1/1454
f 12/1/12 11/1/11 491/1/491 1341/1/1341
f 1279/1/1279 70/1/70 69/1/69 1165/1/1165
f 1530/1/1530 507/1/507 510/1/510 1531/1/1531
f 20/1/20 19/1/19 1239/1/1239 854/1/854
f 24/1/24 587/1/587 590/1/590 25/1/25
f 53/1/53 1425/1/1425 1417/1/1417 1275/1/1275
f 1277/1/1277 1153/1/1153 1497/1/1497 1496/1/1496
f 40/1/40 1440/1/1440 597/1/597 41/1/41
f 1296/1/1296 1437/1/1437 1532/1/1532 1297/1/1297
f 62/1/62 61/1/61 123/1/123 1533/1/1533
f 1300/1/1300 1159/1/1159 504/1/504 503/1/503
f 1270/1/1270 1172/1/1172 1534/1/1534 1535/1/1535
f 1309/1/1309 727/1/727 729/1/729 1343/1/1343
f 151/1/151 150/1/150 1462/1/1462 1303/1/1303
f 1318/1/1318 430/1/430 429/1/429 1536/1/1536
f 157/1/157 413/1/413 1405/1/1405 158/1/158
f 167/1/167 1268/1/1268 253/1/253 168/1/168
f 423/22/423 1537/63/1537 1538/10/1538 424/23/424
f 1324/1/1324 1323/1/1323 1501/1/1501 1500/1/1500
f 175/1/175 1539/1/1539 780/1/780 176/1/176
f 435/1/435 904/1/904 780/1/780 1539/1/1539
f 1255/1/1255 495/1/495 498/1/498 791/1/791
f 181/1/181 180/1/180 1497/1/1497 1505/1/1505
f 1540/1/1540 202/1/202 205/1/205 187/1/187
f 193/1/193 192/1/192 1501/1/1501 1328/1/1328
f 188/1/188 1541/1/1541 1542/1/1542 1331/1/1331
f 203/1/203 1342/1/1342 1244/1/1244 204/1/204
f 197/1/197 1327/1/1327 1329/1/1329 1363/1/1363
f 200/1/200 189/1/189 1330/1/1330 1333/1/1333
f 1241/1/1241 267/1/267 270/1/270 1242/1/1242
f 1346/1/1346 1240/1/1240 1243/1/1243 1543/1/1543
f 1544/25/1544 1545/28/1545 1546/64/1546 1547/26/1547
f 271/1/271 1355/1/1355 785/1/785 789/1/789
f 1352/1/1352 1548/1/1548 278/1/278 277/1/277
f 1348/1/1348 1356/1/1356 1446/1/1446 1549/1/1549
f 284/1/284 283/1/283 287/1/287 1325/1/1325
f 1550/29/1550 1551/32/1551 1552/31/1552 1553/30/80
f 285/1/285 1373/1/1373 1554/1/1553 286/1/286
f 305/1/305 1469/1/1469 1322/1/1322 1321/1/1321
f 300/1/300 174/1/174 177/1/177 301/1/301
f 1555/1/1554 1556/1/1555 1557/1/1556 1558/1/1557
f 1402/1/1402 1317/1/1317 741/1/741 740/1/740
f 327/1/327 326/1/326 1368/1/1368 1315/1/1315
f 308/1/308 323/1/323 1519/1/1519 309/1/309
f 1390/1/1390 166/1/166 169/1/169 651/1/651
f 1197/1/1197 737/1/737 1267/1/1267 1266/1/1266
f 334/1/334 1559/1/1558 1560/1/1559 1561/1/1560
f 1562/1/1561 1563/1/1562 738/1/738 735/1/735
f 1394/1/1394 1564/1/1563 730/1/730 1319/1/1319
f 394/1/394 388/1/388 391/1/391 1565/1/1564
f 400/1/400 1184/1/1184 687/1/687 686/1/686
f 397/1/397 1395/1/1395 1183/1/1183 398/1/398
f 412/1/412 155/1/155 1144/1/1144 1404/1/1404
f 417/1/417 416/1/416 419/1/419 418/1/418
f 421/1/421 420/1/420 1345/1/1345 1344/1/1344
f 1182/1/1182 1392/1/1392 1310/1/1310 153/1/153
f 1179/1/1179 432/1/432 1169/1/1169 1269/1/1269
f 431/1/431 426/1/426 428/1/428 1170/1/1170
f 1414/1/1414 1271/1/1271 415/1/415 414/1/414
f 447/1/447 933/1/933 932/1/932 64/1/64
f 1171/1/1171 1302/1/1302 1304/1/1304 1566/1/1565
f 443/1/443 442/1/442 1274/1/1274 492/1/492
f 448/1/448 66/1/66 716/1/716 449/1/449
f 1567/1/1566 445/1/445 1568/1/1567 1423/1/1423
f 444/1/444 1168/1/1168 145/1/145 144/1/144
f 493/1/493 487/1/487 490/1/490 1432/1/1432
f 496/1/496 1295/1/1295 1298/1/1298 497/1/497
f 488/1/488 1434/1/1434 1435/1/1435 489/1/489
f 1166/1/1166 968/1/968 60/1/60 59/1/59
f 502/1/502 501/1/501 1569/1/1568 1436/1/1436
f 512/1/512 1161/1/1161 1164/1/1164 513/1/513
f 508/1/508 58/1/58 1570/1/1569 509/1/509
f 1439/1/1439 1299/1/1299 1301/1/1301 1438/1/1438
f 1441/1/1441 515/1/515 51/1/51 1571/1/1570
f 1160/1/1160 54/1/54 1148/1/1148 1147/1/1147
f 564/1/564 1155/1/1155 569/1/569 48/1/48
f 1572/1/1571 558/1/558 1573/1/1572 560/1/560
f 571/1/571 39/1/39 42/1/42 1574/1/1573
f 568/1/568 567/1/567 1575/1/1574 570/1/570
f 566/1/566 50/1/50 555/1/555 1576/1/1575
f 1577/1/1576 580/1/580 1154/1/1154 1447/1/1447
f 576/1/576 575/1/575 1578/1/1577 1313/1/1313
f 1444/1/1444 1451/1/1451 1150/1/1150 1276/1/1276
f 1452/1/1452 1456/1/1456 1291/1/1291 1151/1/1151
f 1450/1/1450 583/1/583 586/1/586 591/1/591
f 588/1/588 592/1/592 1453/1/1453 589/1/589
f 594/1/594 598/1/598 1579/1/1578 595/1/595
f 606/1/606 1120/1/1120 6/1/6 5/1/5
f 601/1/601 600/1/600 1449/1/1449 1448/1/1448
f 602/1/602 1149/1/1149 1290/1/1290 603/1/603
f 715/1/715 714/1/714 310/1/310 1199/1/1199
f 1580/1/1579 1132/1/1132 1131/1/1131 1278/1/1278
f 726/1/726 725/1/725 1347/1/1347 728/1/728
f 722/1/722 721/1/721 500/1/500 499/1/499
f 718/1/718 717/1/717 720/1/720 719/1/719
f 1465/1/1465 1581/1/1580 1220/1/1220 1219/1/1219
f 1145/1/1145 335/1/335 1174/1/1174 1173/1/1173
f 1141/1/1141 1178/1/1178 1177/1/1177 1142/1/1142
f 1495/1/1495 1582/1/1581 1578/1/1577 1496/1/1496
f 1466/1/1466 1353/1/1353 1583/1/1582 1467/1/1467
f 743/1/743 742/1/742 1468/1/1468 1470/1/1470
f 790/1/790 788/1/788 1584/1/1583 1585/1/1584
f 905/1/905 273/1/273 276/1/276 781/1/781
f 793/1/793 792/1/792 1429/1/1429 1499/1/1499
f 1586/1/1585 1498/1/1498 795/1/795 794/1/794
f 797/1/797 796/1/796 1557/1/1556 1500/1/1500
f 1542/1/1542 861/1/861 1586/1/1585 863/1/863
f 861/1/861 860/1/860 1498/1/1498 1586/1/1585
f 863/1/863 1586/1/1585 794/1/794 191/1/191
f 860/1/860 791/1/791 793/1/793 1498/1/1498
f 1585/1/1584 1584/1/1583 273/1/273 905/1/905
f 1525/1/1525 1585/1/1584 905/1/905 904/1/904
f 222/1/222 789/1/789 790/1/790 223/1/223
f 800/1/800 799/1/799 1582/1/1581 1495/1/1495
f 223/1/223 790/1/790 1585/1/1584 1525/1/1525
f 788/1/788 787/1/787 903/1/903 1584/1/1583
f 177/1/177 176/1/176 782/1/782 798/1/798
f 301/1/301 177/1/177 798/1/798 783/1/783
f 179/1/179 800/1/800 1495/1/1495 180/1/180
f 1322/1/1322 1470/1/1470 1504/1/1504 1323/1/1323
f 1323/1/1323 1504/1/1504 1328/1/1328 1501/1/1501
f 1470/1/1470 1468/1/1468 1361/1/1361 1504/1/1504
f 773/1/773 776/1/776 779/1/779 774/1/774
f 758/1/758 217/1/217 776/1/776 773/1/773
f 217/1/217 216/1/216 777/1/777 776/1/776
f 247/1/247 772/1/772 775/1/775 667/1/667
f 246/1/246 759/1/759 772/1/772 247/1/247
f 759/1/759 758/1/758 773/1/773 772/1/772
f 668/1/668 768/1/768 771/1/771 1478/1/1478
f 667/1/667 775/1/775 768/1/768 668/1/668
f 775/1/775 774/1/774 769/1/769 768/1/768
f 761/1/761 764/1/764 767/1/767 762/1/762
f 1413/1/1413 1415/1/1415 764/1/764 761/1/761
f 1415/1/1415 1587/1/1586 765/1/765 764/1/764
f 34/1/34 760/1/760 763/1/763 1212/1/1212
f 33/1/33 1416/1/1416 760/1/760 34/1/34
f 1416/1/1416 1413/1/1413 761/1/761 760/1/760
f 1213/1/1213 756/1/756 759/1/759 246/1/246
f 1212/1/1212 763/1/763 756/1/756 1213/1/1213
f 763/1/763 762/1/762 757/1/757 756/1/756
f 749/1/749 752/1/752 755/1/755 750/1/750
f 1588/1/1587 1407/1/1407 752/1/752 749/1/749
f 1407/1/1407 1408/1/1408 753/1/753 752/1/752
f 765/1/765 748/1/748 751/1/751 766/1/766
f 1587/1/1586 1589/1/1588 748/1/748 765/1/765
f 1589/1/1588 1588/1/1587 749/1/749 748/1/748
f 215/1/215 744/1/744 747/1/747 216/1/216
f 766/1/766 751/1/751 744/1/744 215/1/215
f 751/1/751 750/1/750 745/1/745 744/1/744
f 741/1/741 1527/1/1527 1466/1/1466 742/1/742
f 1527/1/1527 1350/1/1350 1353/1/1353 1466/1/1466
f 1590/1/1589 740/1/740 743/1/743 1469/1/1469
f 737/1/737 736/1/736 1502/1/1502 1267/1/1267
f 1502/1/1502 1143/1/1143 1581/1/1580 1465/1/1465
f 1267/1/1267 1502/1/1502 1465/1/1465 1268/1/1268
f 738/1/738 1536/1/1536 1141/1/1141 739/1/739
f 1536/1/1536 429/1/429 1178/1/1178 1141/1/1141
f 731/1/731 1503/1/1503 802/1/802 732/1/732
f 1405/1/1405 1404/1/1404 1461/1/1461 1564/1/1563
f 733/1/733 732/1/732 804/1/804 242/1/242
f 1146/1/1146 1145/1/1145 1173/1/1173 1503/1/1503
f 1564/1/1563 1461/1/1461 731/1/731 730/1/730
f 869/1/869 332/1/332 335/1/335 1145/1/1145
f 1566/1/1565 1304/1/1304 806/1/806 805/1/805
f 1534/1/1534 1566/1/1565 805/1/805 1512/1/1512
f 1512/1/1512 805/1/805 723/1/723 1308/1/1308
f 1304/1/1304 1303/1/1303 1464/1/1464 806/1/806
f 806/1/806 1464/1/1464 1506/1/1506 724/1/724
f 1460/1/1460 722/1/722 499/1/499 1433/1/1433
f 438/1/438 718/1/718 719/1/719 1459/1/1459
f 716/1/716 874/1/874 1580/1/1579 717/1/717
f 717/1/717 1580/1/1579 1278/1/1278 720/1/720
f 874/1/874 134/1/134 1132/1/1132 1580/1/1579
f 1532/1/1532 824/1/824 1507/1/1507 826/1/826
f 826/1/826 1507/1/1507 713/1/713 827/1/827
f 824/1/824 823/1/823 605/1/605 1507/1/1507
f 706/1/706 709/1/709 712/1/712 707/1/707
f 691/1/691 239/1/239 709/1/709 706/1/706
f 239/1/239 238/1/238 710/1/710 709/1/709
f 1487/1/1487 705/1/705 708/1/708 1486/1/1486
f 1482/1/1482 692/1/692 705/1/705 1487/1/1487
f 692/1/692 691/1/691 706/1/706 705/1/705
f 1485/1/1485 701/1/701 704/1/704 1475/1/1475
f 1486/1/1486 708/1/708 701/1/701 1485/1/1485
f 708/1/708 707/1/707 702/1/702 701/1/701
f 694/1/694 697/1/697 700/1/700 695/1/695
f 1493/1/1493 1494/1/1494 697/1/697 694/1/694
f 1494/1/1494 1490/1/1490 698/1/698 697/1/697
f 1483/1/1483 693/1/693 696/1/696 1481/1/1481
f 1484/1/1484 1492/1/1492 693/1/693 1483/1/1483
f 1492/1/1492 1493/1/1493 694/1/694 693/1/693
f 1480/1/1480 689/1/689 692/1/692 1482/1/1482
f 1481/1/1481 696/1/696 689/1/689 1480/1/1480
f 696/1/696 695/1/695 690/1/690 689/1/689
f 682/1/682 685/1/685 688/1/688 683/1/683
f 1489/1/1489 1491/1/1491 685/1/685 682/1/682
f 1491/1/1491 1426/1/1426 686/1/686 685/1/685
f 698/1/698 681/1/681 684/1/684 699/1/699
f 1490/1/1490 1488/1/1488 681/1/681 698/1/698
f 1488/1/1488 1489/1/1489 682/1/682 681/1/681
f 237/1/237 677/1/677 680/1/680 238/1/238
f 699/1/699 684/1/684 677/1/677 237/1/237
f 684/1/684 683/1/683 678/1/678 677/1/677
f 670/1/670 673/1/673 676/1/676 671/1/671
f 655/1/655 251/1/251 673/1/673 670/1/670
f 251/1/251 250/1/250 674/1/674 673/1/673
f 1479/1/1479 669/1/669 672/1/672 1477/1/1477
f 1473/1/1473 656/1/656 669/1/669 1479/1/1479
f 656/1/656 655/1/655 670/1/670 669/1/669
f 1476/1/1476 665/1/665 668/1/668 1478/1/1478
f 1477/1/1477 672/1/672 665/1/665 1476/1/1476
f 672/1/672 671/1/671 666/1/666 665/1/665
f 658/1/658 661/1/661 664/1/664 659/1/659
f 703/1/703 235/1/235 661/1/661 658/1/658
f 235/1/235 234/1/234 662/1/662 661/1/661
f 1474/1/1474 657/1/657 660/1/660 1472/1/1472
f 1475/1/1475 704/1/704 657/1/657 1474/1/1474
f 704/1/704 703/1/703 658/1/658 657/1/657
f 1471/1/1471 653/1/653 656/1/656 1473/1/1473
f 1472/1/1472 660/1/660 653/1/653 1471/1/1471
f 660/1/660 659/1/659 654/1/654 653/1/653
f 647/1/647 650/1/650 652/1/652 648/1/648
f 1202/1/1202 38/1/38 650/1/650 647/1/647
f 38/1/38 37/1/37 651/1/651 650/1/650
f 662/1/662 646/1/646 649/1/649 663/1/663
f 234/1/234 1203/1/1203 646/1/646 662/1/662
f 1203/1/1203 1202/1/1202 647/1/647 646/1/646
f 249/1/249 642/1/642 645/1/645 250/1/250
f 663/1/663 649/1/649 642/1/642 249/1/249
f 649/1/649 648/1/648 643/1/643 642/1/642
f 1591/65/1590 1592/66/1591 1593/15/1592 1594/14/1593
f 1595/52/1590 1594/14/1594 1596/54/1595 1597/67/1596
f 1598/1/1597 1599/1/1598 1600/1/1599 1601/1/1600 1602/1/1601 1603/1/1602
f 324/1/324 631/1/631 634/1/634 325/1/325
f 1604/1/1603 1600/1/1599 631/1/631 324/1/324
f 1600/1/1599 1599/1/1598 632/1/632 631/1/631
f 624/1/624 627/1/627 630/1/630 625/1/625
f 1127/1/1127 1126/1/1126 627/1/627 624/1/624
f 1126/1/1126 130/1/130 628/1/628 627/1/627
f 321/1/321 623/1/623 626/1/626 322/1/322
f 73/1/73 72/1/72 623/1/623 321/1/321
f 72/1/72 1127/1/1127 624/1/624 623/1/623
f 626/1/626 625/1/625 635/1/635 1605/1/1604 1606/1/1605
f 1607/48/1606 1608/51/1607 1609/50/1608 1610/49/1609
f 613/1/613 616/1/616 618/1/618 614/1/614
f 952/1/952 951/1/951 616/1/616 613/1/613
f 951/1/951 3/1/3 2/1/2 616/1/616
f 628/1/628 612/1/612 615/1/615 629/1/629
f 130/1/130 129/1/129 612/1/612 628/1/628
f 129/1/129 952/1/952 613/1/613 612/1/612
f 1611/1/1610 608/1/608 611/1/611 1375/1/1375
f 629/1/629 615/1/615 608/1/608 1611/1/1610
f 615/1/615 614/1/614 609/1/609 608/1/608
f 823/1/823 1533/1/1533 606/1/606 605/1/605
f 1533/1/1533 123/1/123 1120/1/1120 606/1/606
f 604/1/604 603/1/603 897/1/897 879/1/879
f 504/1/504 1147/1/1147 602/1/602 505/1/505
f 879/1/879 897/1/897 900/1/900 880/1/880
f 1275/1/1275 1417/1/1417 808/1/808 807/1/807
f 1149/1/1149 807/1/807 9/1/9 1290/1/1290
f 1574/1/1573 42/1/42 593/1/593 809/1/809
f 893/1/893 599/1/599 601/1/601 1457/1/1457
f 892/1/892 809/1/809 599/1/599 893/1/893
f 1151/1/1151 1291/1/1291 1292/1/1292 1152/1/1152
f 875/1/875 1574/1/1573 809/1/809 892/1/892
f 1153/1/1153 1152/1/1152 1505/1/1505 1497/1/1497
f 1454/1/1454 1529/1/1529 194/1/194 1455/1/1455
f 589/1/589 1453/1/1453 1456/1/1456 1452/1/1452
f 1456/1/1456 1455/1/1455 17/1/17 1291/1/1291
f 590/1/590 589/1/589 1452/1/1452 1451/1/1451
f 811/1/811 591/1/591 588/1/588 587/1/587
f 1458/1/1458 1448/1/1448 1450/1/1450 810/1/810
f 810/1/810 1450/1/1450 591/1/591 811/1/811
f 1531/1/1531 510/1/510 1337/1/1337 584/1/584
f 1449/1/1449 1531/1/1531 584/1/584 583/1/583
f 817/1/817 577/1/577 580/1/580 1577/1/1576
f 877/1/877 817/1/817 1577/1/1576 1356/1/1356
f 172/4/1611 1612/68/1612 1387/56/1388 1386/55/1387
f 865/1/865 813/1/813 814/1/814 866/1/866
f 795/1/795 1499/1/1499 1613/1/1613 796/1/796
f 902/1/902 573/1/573 576/1/576 1445/1/1445
f 1356/1/1356 1577/1/1576 1447/1/1447 1446/1/1446
f 578/1/578 1458/1/1458 810/1/810 579/1/579
f 25/1/25 590/1/590 1451/1/1451 1444/1/1444
f 26/1/26 25/1/25 1444/1/1444 896/1/896
f 814/1/814 26/1/26 896/1/896 895/1/895
f 901/1/901 895/1/895 573/1/573 902/1/902
f 570/1/570 1575/1/1574 39/1/39 571/1/571
f 572/1/572 571/1/571 1574/1/1573 875/1/875
f 340/1/340 1391/1/1391 511/1/511 1443/1/1443
f 567/1/567 1443/1/1443 1508/1/1508 1575/1/1574
f 392/1/392 337/1/337 568/1/568 1155/1/1155
f 150/1/150 566/1/566 1576/1/1575 1462/1/1462
f 1157/1/1157 1393/1/1393 563/1/563 815/1/815
f 149/1/149 565/1/565 566/1/566 150/1/150
f 1158/1/1158 815/1/815 565/1/565 149/1/149
f 560/1/560 1573/1/1572 816/1/816 561/1/561
f 393/1/393 392/1/392 1155/1/1155 564/1/564
f 558/1/558 557/1/557 894/1/894 1573/1/1572
f 1576/1/1575 555/1/555 558/1/558 1572/1/1571
f 1462/1/1462 1576/1/1575 1572/1/1571 1463/1/1463
f 1396/1/1396 1614/1/1614 515/1/515 1441/1/1441
f 1571/1/1570 51/1/51 54/1/54 1160/1/1160
f 1463/1/1463 1572/1/1571 560/1/560 559/1/559
f 1442/1/1442 1441/1/1441 1571/1/1570 1509/1/1509
f 1509/1/1509 1571/1/1570 1160/1/1160 1159/1/1159
f 1614/1/1614 552/1/552 516/1/516 515/1/515
f 545/1/545 548/1/548 551/1/551 546/1/546
f 530/1/530 295/1/295 548/1/548 545/1/545
f 295/1/295 294/1/294 549/1/549 548/1/548
f 1371/1/1371 544/1/544 547/1/547 1372/1/1372
f 282/1/282 531/1/531 544/1/544 1371/1/1371
f 531/1/531 530/1/530 545/1/545 544/1/544
f 1615/59/1615 1616/62/1616 1617/61/1617 1618/60/1618
f 533/1/533 536/1/536 539/1/539 534/1/534
f 633/1/633 258/1/258 536/1/536 533/1/533
f 258/1/258 257/1/257 537/1/537 536/1/536
f 1232/1/1232 532/1/532 535/1/535 1233/1/1233
f 325/1/325 634/1/634 532/1/532 1232/1/1232
f 634/1/634 633/1/633 533/1/533 532/1/532
f 281/1/281 528/1/528 531/1/531 282/1/282
f 1233/1/1233 535/1/535 528/1/528 281/1/281
f 535/1/535 534/1/534 529/1/529 528/1/528
f 522/1/522 525/1/525 527/1/527 523/1/523
f 1224/1/1224 30/1/30 525/1/525 522/1/522
f 30/1/30 29/1/29 83/1/83 525/1/525
f 537/1/537 521/1/521 524/1/524 538/1/538
f 257/1/257 1225/1/1225 521/1/521 537/1/537
f 1225/1/1225 1224/1/1224 522/1/522 521/1/521
f 293/1/293 517/1/517 520/1/520 294/1/294
f 538/1/538 524/1/524 517/1/517 293/1/293
f 524/1/524 523/1/523 518/1/518 517/1/517
f 1391/1/1391 1181/1/1181 512/1/512 511/1/511
f 1440/1/1440 1439/1/1439 1438/1/1438 597/1/597
f 513/1/513 1164/1/1164 1299/1/1299 1439/1/1439
f 820/1/820 55/1/55 58/1/58 508/1/508
f 1579/1/1578 820/1/820 508/1/508 507/1/507
f 1619/1/1619 1397/1/1397 1442/1/1442 1162/1/1162
f 598/1/598 818/1/818 820/1/820 1579/1/1578
f 1180/1/1180 1619/1/1619 1162/1/1162 1161/1/1161
f 1438/1/1438 1301/1/1301 819/1/819 818/1/818
f 1301/1/1301 503/1/503 506/1/506 819/1/819
f 1436/1/1436 1569/1/1568 822/1/822 821/1/821
f 1437/1/1437 821/1/821 824/1/824 1532/1/1532
f 1433/1/1433 499/1/499 502/1/502 1434/1/1434
f 1434/1/1434 502/1/502 1436/1/1436 1435/1/1435
f 1165/1/1165 69/1/69 968/1/968 1166/1/1166
f 501/1/501 1166/1/1166 59/1/59 1569/1/1568
f 492/1/492 1274/1/1274 487/1/487 493/1/493
f 1432/1/1432 490/1/490 1295/1/1295 496/1/496
f 1430/1/1430 1510/1/1510 889/1/889 888/1/888
f 1274/1/1274 1273/1/1273 488/1/488 487/1/487
f 494/1/494 493/1/493 1432/1/1432 856/1/856
f 1431/1/1431 888/1/888 891/1/891 1620/1/1620
f 792/1/792 1428/1/1428 1430/1/1430 1429/1/1429
f 1297/1/1297 1532/1/1532 826/1/826 825/1/825
f 145/1/145 486/1/486 448/1/448 146/1/146
f 498/1/498 497/1/497 1428/1/1428 792/1/792
f 1427/1/1427 825/1/825 828/1/828 1510/1/1510
f 479/1/479 482/1/482 485/1/485 480/1/480
f 464/1/464 318/1/318 482/1/482 479/1/479
f 318/1/318 317/1/317 483/1/483 482/1/482
f 1194/1/1194 478/1/478 481/1/481 1195/1/1195
f 220/1/220 465/1/465 478/1/478 1194/1/1194
f 465/1/465 464/1/464 479/1/479 478/1/478
f 44/1/44 474/1/474 477/1/477 45/1/45
f 1195/1/1195 481/1/481 474/1/474 44/1/44
f 481/1/481 480/1/480 475/1/475 474/1/474
f 467/1/467 470/1/470 473/1/473 468/1/468
f 1621/1/1621 228/1/228 470/1/470 467/1/467
f 228/1/228 231/1/231 471/1/471 470/1/470
f 753/1/753 466/1/466 469/1/469 754/1/754
f 1408/1/1408 1622/1/1622 466/1/466 753/1/753
f 1622/1/1622 1621/1/1621 467/1/467 466/1/466
f 219/1/219 462/1/462 465/1/465 220/1/220
f 754/1/754 469/1/469 462/1/462 219/1/219
f 469/1/469 468/1/468 463/1/463 462/1/462
f 1623/69/1623 543/32/543 542/31/542 1624/70/1624
f 1625/71/1625 224/6/224 227/9/227 1626/72/1626
f 471/1/471 454/1/454 457/1/457 472/1/472
f 231/1/231 1340/1/1340 454/1/454 471/1/471
f 1340/1/1340 1336/1/1336 455/1/455 454/1/454
f 316/1/316 450/1/450 453/1/453 317/1/317
f 472/1/472 457/1/457 450/1/450 316/1/316
f 457/1/457 456/1/456 451/1/451 450/1/450
f 399/1/399 401/1/401 447/1/447 446/1/446
f 1167/1/1167 396/1/396 829/1/829 1168/1/1168
f 1168/1/1168 829/1/829 486/1/486 145/1/145
f 1627/1/1627 402/1/402 445/1/445 1567/1/1566
f 553/1/553 1627/1/1627 1567/1/1566 554/1/554
f 1423/1/1423 1568/1/1567 1305/1/1305 1424/1/1424
f 445/1/445 444/1/444 144/1/144 1568/1/1567
f 1425/1/1425 1424/1/1424 1418/1/1418 1417/1/1417
f 554/1/554 1567/1/1566 1423/1/1423 1422/1/1422
f 11/1/11 443/1/443 492/1/492 491/1/491
f 1418/1/1418 1306/1/1306 831/1/831 830/1/830
f 808/1/808 830/1/830 440/1/440 10/1/10
f 1306/1/1306 436/1/436 439/1/439 831/1/831
f 831/1/831 439/1/439 1511/1/1511 441/1/441
f 1170/1/1170 428/1/428 1302/1/1302 1171/1/1171
f 1172/1/1172 1171/1/1171 1566/1/1565 1534/1/1534
f 796/1/796 1613/1/1613 1558/1/1557 1557/1/1556
f 1546/64/1546 1628/73/1628 1629/74/1629 1547/26/1547
f 1415/1/1415 1414/1/1414 414/1/414 1587/1/1586
f 886/1/886 885/1/885 427/1/427 426/1/426
f 432/1/432 431/1/431 1170/1/1170 1169/1/1169
f 161/1/161 1177/1/1177 833/1/833 832/1/832
f 33/1/33 161/1/161 832/1/832 1416/1/1416
f 835/1/835 834/1/834 1271/1/1271 1414/1/1414
f 833/1/833 1179/1/1179 1269/1/1269 834/1/834
f 1178/1/1178 429/1/429 432/1/432 1179/1/1179
f 799/1/799 801/1/801 1311/1/1311 1582/1/1581
f 1587/1/1586 414/1/414 417/1/417 1589/1/1588
f 1589/1/1588 417/1/417 418/1/418 1588/1/1587
f 1588/1/1587 418/1/418 421/1/421 1407/1/1407
f 415/1/415 1535/1/1535 1406/1/1406 416/1/416
f 1535/1/1535 1534/1/1534 1512/1/1512 1406/1/1406
f 411/1/411 152/1/152 155/1/155 412/1/412
f 1619/1/1619 1180/1/1180 837/1/837 836/1/836
f 1397/1/1397 1619/1/1619 836/1/836 839/1/839
f 1181/1/1181 1391/1/1391 1392/1/1392 1182/1/1182
f 405/1/405 404/1/404 887/1/887 1167/1/1167
f 839/1/839 836/1/836 411/1/411 410/1/410
f 837/1/837 1182/1/1182 153/1/153 152/1/152
f 552/1/552 1614/1/1614 1514/1/1514 1513/1/1513
f 1627/1/1627 1513/1/1513 403/1/403 402/1/402
f 553/1/553 552/1/552 1513/1/1513 1627/1/1627
f 401/1/401 400/1/400 686/1/686 1426/1/1426
f 1514/1/1514 838/1/838 840/1/840 1403/1/1403
f 1614/1/1614 1396/1/1396 838/1/838 1514/1/1514
f 158/1/158 1405/1/1405 1564/1/1563 1394/1/1394
f 1167/1/1167 887/1/887 397/1/397 396/1/396
f 1565/1/1564 391/1/391 1563/1/1562 1562/1/1561
f 1395/1/1395 1394/1/1394 1319/1/1319 1183/1/1183
f 841/1/841 1565/1/1564 1562/1/1561 867/1/867
f 395/1/395 394/1/394 1565/1/1564 841/1/841
f 867/1/867 1562/1/1561 735/1/735 734/1/734
f 1393/1/1393 1157/1/1157 389/1/389 388/1/388
f 844/1/844 843/1/843 162/1/162 1520/1/1520
f 381/1/381 384/1/384 387/1/387 382/1/382
f 366/1/366 349/1/349 384/1/384 381/1/381
f 349/1/349 348/1/348 385/1/385 384/1/384
f 1115/1/1115 380/1/380 383/1/383 1116/1/1116
f 119/1/119 367/1/367 380/1/380 1115/1/1115
f 367/1/367 366/1/366 381/1/381 380/1/380
f 75/1/75 376/1/376 379/1/379 76/1/76
f 1116/1/1116 383/1/383 376/1/376 75/1/75
f 383/1/383 382/1/382 377/1/377 376/1/376
f 369/1/369 372/1/372 375/1/375 370/1/370
f 1074/1/1074 88/1/88 372/1/372 369/1/369
f 88/1/88 87/1/87 373/1/373 372/1/372
f 986/1/986 368/1/368 371/1/371 987/1/987
f 80/1/80 1075/1/1075 368/1/368 986/1/986
f 1075/1/1075 1074/1/1074 369/1/369 368/1/368
f 118/1/118 364/1/364 367/1/367 119/1/119
f 987/1/987 371/1/371 364/1/364 118/1/118
f 371/1/371 370/1/370 365/1/365 364/1/364
f 358/1/358 361/1/361 363/1/363 359/1/359
f 1086/1/1086 84/1/84 361/1/361 358/1/358
f 84/1/84 29/1/29 28/1/28 361/1/361
f 373/1/373 357/1/357 360/1/360 374/1/374
f 87/1/87 1087/1/1087 357/1/357 373/1/373
f 1087/1/1087 1086/1/1086 358/1/358 357/1/357
f 347/1/347 353/1/353 356/1/356 348/1/348
f 374/1/374 360/1/360 353/1/353 347/1/347
f 360/1/360 359/1/359 354/1/354 353/1/353
f 354/1/354 350/1/350 352/1/352 355/1/355
f 359/1/359 363/1/363 350/1/350 354/1/354
f 363/1/363 362/1/362 351/1/351 350/1/350
f 365/1/365 346/1/346 349/1/349 366/1/366
f 370/1/370 375/1/375 346/1/346 365/1/365
f 375/1/375 374/1/374 347/1/347 346/1/346
f 377/1/377 342/1/342 345/1/345 378/1/378
f 382/1/382 387/1/387 342/1/342 377/1/377
f 387/1/387 386/1/386 343/1/343 342/1/342
f 868/1/868 1520/1/1520 333/1/333 332/1/332
f 1310/1/1310 844/1/844 1520/1/1520 868/1/868
f 1392/1/1392 341/1/341 844/1/844 1310/1/1310
f 339/1/339 338/1/338 842/1/842 843/1/843
f 333/1/333 165/1/165 1559/1/1558 334/1/334
f 1561/1/1560 1560/1/1559 166/1/166 1390/1/1390
f 1174/1/1174 1561/1/1560 1390/1/1390 1175/1/1175
f 335/1/335 334/1/334 1561/1/1560 1174/1/1174
f 165/1/165 164/1/164 1197/1/1197 1559/1/1558
f 1559/1/1558 1197/1/1197 1266/1/1266 1560/1/1559
f 1401/1/1401 1630/1/1630 1631/1/1631 1632/1/1632 1382/1/1382 1314/1/1314
f 1633/75/1633 1634/76/1634 1635/77/1635 1636/78/1636
f 1604/1/1603 324/1/324 327/1/327 1382/1/1382
f 309/1/309 1519/1/1519 1518/1/1518 1198/1/1198
f 1637/1/1637 1638/1/1638 1639/1/1639 1640/1/1640 1641/1/1641
f 1199/1/1199 1198/1/1198 1376/1/1376 872/1/872
f 73/1/73 321/1/321 308/1/308 307/1/307
f 323/1/323 1367/1/1367 1642/1/1642 1515/1/1515 1519/1/1519
f 451/1/451 319/1/319 320/1/320 452/1/452
f 463/1/463 315/1/315 318/1/318 464/1/464
f 468/1/468 473/1/473 315/1/315 463/1/463
f 473/1/473 472/1/472 316/1/316 315/1/315
f 475/1/475 311/1/311 314/1/314 476/1/476
f 480/1/480 485/1/485 311/1/311 475/1/475
f 485/1/485 484/1/484 312/1/312 311/1/311
f 1521/1/1521 1374/1/1374 1556/1/1555 1555/1/1554
f 891/1/891 1555/1/1554 1558/1/1557 1620/1/1620
f 890/1/890 1521/1/1521 1555/1/1554 891/1/891
f 873/1/873 1377/1/1377 1521/1/1521 890/1/890
f 304/1/304 1590/1/1589 1469/1/1469 305/1/305
f 872/1/872 1376/1/1376 1377/1/1377 873/1/873
f 286/1/286 1554/1/1553 174/1/174 300/1/300
f 287/1/287 286/1/286 300/1/300 299/1/299
f 225/7/225 458/25/458 461/28/461 226/8/226
f 518/1/518 296/1/296 298/1/298 519/1/519
f 523/1/523 527/1/527 296/1/296 518/1/518
f 527/1/527 526/1/526 297/1/297 296/1/296
f 529/1/529 292/1/292 295/1/295 530/1/530
f 534/1/534 539/1/539 292/1/292 529/1/529
f 539/1/539 538/1/538 293/1/293 292/1/292
f 551/1/551 550/1/550 289/1/289 288/1/288
f 852/1/852 851/1/851 1523/1/1523 1522/1/1522
f 325/1/325 1232/1/1232 849/1/849 326/1/326
f 1368/1/1368 852/1/852 1522/1/1522 1526/1/1526
f 1233/1/1233 281/1/281 284/1/284 850/1/850
f 850/1/850 284/1/284 1325/1/1325 851/1/851
f 1526/1/1526 1522/1/1522 1351/1/1351 1350/1/1350
f 1583/1/1582 277/1/277 280/1/280 1238/1/1238
f 1351/1/1351 1524/1/1524 1548/1/1548 1352/1/1352
f 1528/1/1528 302/1/302 784/1/784 884/1/884
f 1643/79/1643 1644/80/1644 1412/62/1645 1645/81/1646
f 1646/1/1647 1539/1/1539 175/1/175 1647/1/1648
f 1524/1/1524 1528/1/1528 884/1/884 1548/1/1548
f 272/1/272 271/1/271 789/1/789 222/1/222
f 1353/1/1353 1352/1/1352 277/1/277 1583/1/1582
f 1548/1/1548 884/1/884 178/1/178 278/1/278
f 728/1/728 1347/1/1347 1349/1/1349 268/1/268
f 1543/1/1543 1243/1/1243 182/1/182 229/1/229
f 729/1/729 728/1/728 268/1/268 267/1/267
f 609/1/609 263/1/263 266/1/266 610/1/610
f 614/1/614 618/1/618 263/1/263 609/1/609
f 618/1/618 617/1/617 264/1/264 263/1/263
f 261/11/261 260/5/260 1648/4/1649 1649/3/1650
f 632/1/632 255/1/255 258/1/258 633/1/633
f 1599/1/1598 641/1/641 255/1/255 632/1/632
f 641/1/641 640/1/640 256/1/256 255/1/255
f 643/1/643 252/1/252 254/1/254 644/1/644
f 648/1/648 652/1/652 252/1/252 643/1/643
f 652/1/652 169/1/169 168/1/168 252/1/252
f 654/1/654 248/1/248 251/1/251 655/1/655
f 659/1/659 664/1/664 248/1/248 654/1/654
f 664/1/664 663/1/663 249/1/249 248/1/248
f 666/1/666 244/1/244 247/1/247 667/1/667
f 671/1/671 676/1/676 244/1/244 666/1/666
f 676/1/676 675/1/675 245/1/245 244/1/244
f 678/1/678 240/1/240 243/1/243 679/1/679
f 683/1/683 688/1/688 240/1/240 678/1/678
f 688/1/688 687/1/687 241/1/241 240/1/240
f 690/1/690 236/1/236 239/1/239 691/1/691
f 695/1/695 700/1/700 236/1/236 690/1/690
f 700/1/700 699/1/699 237/1/237 236/1/236
f 702/1/702 232/1/232 235/1/235 703/1/703
f 707/1/707 712/1/712 232/1/232 702/1/702
f 712/1/712 711/1/711 233/1/233 232/1/232
f 1621/1/1621 1543/1/1543 229/1/229 228/1/228
f 1349/1/1349 1348/1/1348 1549/1/1549 1354/1/1354
f 1408/1/1408 1344/1/1344 1346/1/1346 1622/1/1622
f 230/1/230 185/1/185 206/1/206 1339/1/1339
f 1345/1/1345 1343/1/1343 1241/1/1241 1240/1/1240
f 1622/1/1622 1346/1/1346 1543/1/1543 1621/1/1621
f 185/1/185 184/1/184 207/1/207 206/1/206
f 1650/82/1651 1651/70/1652 1552/31/1552 1551/32/1551
f 1340/1/1340 1339/1/1339 582/1/582 1336/1/1336
f 745/1/745 218/1/218 221/1/221 746/1/746
f 750/1/750 755/1/755 218/1/218 745/1/745
f 755/1/755 754/1/754 219/1/219 218/1/218
f 757/1/757 214/1/214 217/1/217 758/1/758
f 762/1/762 767/1/767 214/1/214 757/1/757
f 767/1/767 766/1/766 215/1/215 214/1/214
f 769/1/769 210/1/210 213/1/213 770/1/770
f 774/1/774 779/1/779 210/1/210 769/1/769
f 779/1/779 778/1/778 211/1/211 210/1/210
f 205/1/205 204/1/204 858/1/858 1541/1/1541
f 1541/1/1541 858/1/858 861/1/861 1542/1/1542
f 880/1/880 900/1/900 203/1/203 202/1/202
f 1652/83/409 1357/42/1357 1360/45/1360 406/17/1653
f 1341/1/1341 491/1/491 494/1/494 855/1/855
f 1342/1/1342 855/1/855 857/1/857 1244/1/1244
f 201/1/201 200/1/200 1333/1/1333 1529/1/1529
f 509/1/509 1570/1/1569 883/1/883 882/1/882
f 1337/1/1337 882/1/882 199/1/199 198/1/198
f 881/1/881 880/1/880 202/1/202 1540/1/1540
f 1570/1/1569 881/1/881 1540/1/1540 883/1/883
f 19/1/19 197/1/197 1363/1/1363 1239/1/1239
f 883/1/883 1540/1/1540 187/1/187 186/1/186
f 1331/1/1331 1542/1/1542 863/1/863 862/1/862
f 1529/1/1529 1333/1/1333 195/1/195 194/1/194
f 1338/1/1338 190/1/190 193/1/193 1327/1/1327
f 187/1/187 205/1/205 1541/1/1541 188/1/188
f 1332/1/1332 862/1/862 190/1/190 1338/1/1338
f 189/1/189 188/1/188 1331/1/1331 1330/1/1330
f 859/1/859 1255/1/1255 791/1/791 860/1/860
f 208/1/208 1525/1/1525 904/1/904 435/1/435
f 1549/1/1549 1446/1/1446 865/1/865 864/1/864
f 1243/1/1243 1242/1/1242 183/1/183 182/1/182
f 1244/1/1244 857/1/857 1255/1/1255 859/1/859
f 1355/1/1355 864/1/864 786/1/786 785/1/785
f 1354/1/1354 1549/1/1549 864/1/864 1355/1/1355
f 851/1/851 1325/1/1325 1326/1/1326 1523/1/1523
f 1523/1/1523 1326/1/1326 1528/1/1528 1524/1/1524
f 279/1/279 181/1/181 1505/1/1505 853/1/853
f 1374/1/1374 1321/1/1321 1324/1/1324 1556/1/1555
f 1556/1/1555 1324/1/1324 1500/1/1500 1557/1/1556
f 1317/1/1317 1316/1/1316 1527/1/1527 741/1/741
f 1315/1/1315 1368/1/1368 1526/1/1526 1316/1/1316
f 1560/1/1559 1266/1/1266 167/1/167 166/1/166
f 843/1/843 842/1/842 163/1/163 162/1/162
f 842/1/842 841/1/841 867/1/867 163/1/163
f 391/1/391 390/1/390 1318/1/1318 1563/1/1562
f 1184/1/1184 1320/1/1320 241/1/241 687/1/687
f 1319/1/1319 730/1/730 733/1/733 1320/1/1320
f 1176/1/1176 1175/1/1175 37/1/37 36/1/36
f 1362/1/1362 1238/1/1238 1239/1/1239 1363/1/1363
f 1563/1/1562 1318/1/1318 1536/1/1536 738/1/738
f 155/1/155 154/1/154 869/1/869 1144/1/1144
f 1403/1/1403 840/1/840 157/1/157 156/1/156
f 840/1/840 410/1/410 413/1/413 157/1/157
f 1269/1/1269 1169/1/1169 1172/1/1172 1270/1/1270
f 420/1/420 1309/1/1309 1343/1/1343 1345/1/1345
f 419/1/419 1307/1/1307 1309/1/1309 420/1/420
f 1271/1/1271 1270/1/1270 1535/1/1535 415/1/415
f 428/1/428 148/1/148 151/1/151 1302/1/1302
f 1511/1/1511 1459/1/1459 1460/1/1460 1272/1/1272
f 441/1/441 1511/1/1511 1272/1/1272 442/1/442
f 64/1/64 932/1/932 135/1/135 65/1/65
f 1568/1/1567 144/1/144 147/1/147 1305/1/1305
f 907/1/907 140/1/140 143/1/143 908/1/908
f 912/1/912 917/1/917 140/1/140 907/1/907
f 917/1/917 916/1/916 141/1/141 140/1/140
f 919/1/919 136/1/136 139/1/139 920/1/920
f 924/1/924 929/1/929 136/1/136 919/1/919
f 929/1/929 928/1/928 137/1/137 136/1/136
f 931/1/931 132/1/132 135/1/135 932/1/932
f 936/1/936 941/1/941 132/1/132 931/1/931
f 941/1/941 940/1/940 133/1/133 132/1/132
f 943/1/943 128/1/128 131/1/131 944/1/944
f 948/1/948 953/1/953 128/1/128 943/1/943
f 953/1/953 952/1/952 129/1/129 128/1/128
f 955/1/955 124/1/124 127/1/127 956/1/956
f 960/1/960 965/1/965 124/1/124 955/1/955
f 965/1/965 964/1/964 125/1/125 124/1/124
f 967/1/967 121/1/121 61/1/61 60/1/60
f 971/1/971 976/1/976 121/1/121 967/1/967
f 976/1/976 975/1/975 122/1/122 121/1/121
f 978/1/978 117/1/117 120/1/120 979/1/979
f 983/1/983 988/1/988 117/1/117 978/1/978
f 988/1/988 987/1/987 118/1/118 117/1/117
f 990/1/990 113/1/113 116/1/116 991/1/991
f 995/1/995 1000/1/1000 113/1/113 990/1/990
f 1000/1/1000 999/1/999 114/1/114 113/1/113
f 1002/1/1002 109/1/109 112/1/112 1003/1/1003
f 1007/1/1007 1012/1/1012 109/1/109 1002/1/1002
f 1012/1/1012 1011/1/1011 110/1/110 109/1/109
f 1014/1/1014 105/1/105 108/1/108 1015/1/1015
f 1019/1/1019 1024/1/1024 105/1/105 1014/1/1014
f 1024/1/1024 1023/1/1023 106/1/106 105/1/105
f 1026/1/1026 101/1/101 104/1/104 1027/1/1027
f 1031/1/1031 1036/1/1036 101/1/101 1026/1/1026
f 1036/1/1036 1035/1/1035 102/1/102 101/1/101
f 1038/1/1038 97/1/97 100/1/100 1039/1/1039
f 1043/1/1043 1048/1/1048 97/1/97 1038/1/1038
f 1048/1/1048 1047/1/1047 98/1/98 97/1/97
f 1050/1/1050 93/1/93 96/1/96 1051/1/1051
f 1055/1/1055 1059/1/1059 93/1/93 1050/1/1050
f 1059/1/1059 1058/1/1058 94/1/94 93/1/93
f 1061/1/1061 89/1/89 92/1/92 1062/1/1062
f 1066/1/1066 1071/1/1071 89/1/89 1061/1/1061
f 1071/1/1071 1070/1/1070 90/1/90 89/1/89
f 1073/1/1073 85/1/85 88/1/88 1074/1/1074
f 1078/1/1078 1083/1/1083 85/1/85 1073/1/1073
f 1083/1/1083 1082/1/1082 86/1/86 85/1/85
f 1085/1/1085 82/1/82 84/1/84 1086/1/1086
f 1090/1/1090 1093/1/1093 82/1/82 1085/1/1085
f 1093/1/1093 526/1/526 83/1/83 82/1/82
f 1095/1/1095 78/1/78 81/1/81 1096/1/1096
f 1100/1/1100 1105/1/1105 78/1/78 1095/1/1095
f 1105/1/1105 1104/1/1104 79/1/79 78/1/78
f 1107/1/1107 74/1/74 77/1/77 1108/1/1108
f 1112/1/1112 1117/1/1117 74/1/74 1107/1/1107
f 1117/1/1117 1116/1/1116 75/1/75 74/1/74
f 1119/1/1119 71/1/71 7/1/7 6/1/6
f 1123/1/1123 1128/1/1128 71/1/71 1119/1/1119
f 1128/1/1128 1127/1/1127 72/1/72 71/1/71
f 1130/1/1130 67/1/67 70/1/70 1131/1/1131
f 1135/1/1135 1140/1/1140 67/1/67 1130/1/1130
f 1140/1/1140 1139/1/1139 68/1/68 67/1/67
f 66/1/66 65/1/65 874/1/874 716/1/716
f 889/1/889 870/1/870 873/1/873 890/1/890
f 489/1/489 1435/1/1435 1437/1/1437 1296/1/1296
f 1510/1/1510 828/1/828 870/1/870 889/1/889
f 1569/1/1568 59/1/59 62/1/62 822/1/822
f 490/1/490 489/1/489 1296/1/1296 1295/1/1295
f 822/1/822 62/1/62 1533/1/1533 823/1/823
f 58/1/58 57/1/57 881/1/881 1570/1/1569
f 1163/1/1163 1509/1/1509 1159/1/1159 1300/1/1300
f 894/1/894 893/1/893 1457/1/1457 1294/1/1294
f 52/1/52 1422/1/1422 1425/1/1425 53/1/53
f 1164/1/1164 1163/1/1163 1300/1/1300 1299/1/1299
f 1582/1/1581 1311/1/1311 1313/1/1313 1578/1/1577
f 274/1/274 1445/1/1445 1312/1/1312 275/1/275
f 1421/1/1421 1653/1/1654 1554/1/1553 1373/1/1373
f 48/1/48 569/1/569 572/1/572 49/1/49
f 50/1/50 49/1/49 556/1/556 555/1/555
f 1573/1/1572 894/1/894 1294/1/1294 816/1/816
f 1186/1/1186 43/1/43 46/1/46 1187/1/1187
f 1191/1/1191 1196/1/1196 43/1/43 1186/1/1186
f 1196/1/1196 1195/1/1195 44/1/44 43/1/43
f 1508/1/1508 514/1/514 1440/1/1440 40/1/40
f 1575/1/1574 1508/1/1508 40/1/40 39/1/39
f 574/1/574 1276/1/1276 1277/1/1277 575/1/575
f 1201/1/1201 35/1/35 38/1/38 1202/1/1202
f 1206/1/1206 1209/1/1209 35/1/35 1201/1/1201
f 1209/1/1209 803/1/803 36/1/36 35/1/35
f 1211/1/1211 31/1/31 34/1/34 1212/1/1212
f 1216/1/1216 1221/1/1221 31/1/31 1211/1/1211
f 1221/1/1221 1220/1/1220 32/1/32 31/1/31
f 1223/1/1223 27/1/27 30/1/30 1224/1/1224
f 1228/1/1228 1231/1/1231 27/1/27 1223/1/1223
f 1231/1/1231 362/1/362 28/1/28 27/1/27
f 586/1/586 585/1/585 1293/1/1293 592/1/592
f 1154/1/1154 812/1/812 24/1/24 23/1/23
f 575/1/575 1277/1/1277 1496/1/1496 1578/1/1577
f 1246/1/1246 21/1/21 14/1/14 1247/1/1247
f 1251/1/1251 1254/1/1254 21/1/21 1246/1/1246
f 1254/1/1254 1058/1/1058 22/1/22 21/1/21
f 592/1/592 1293/1/1293 1454/1/1454 1453/1/1453
f 1292/1/1292 20/1/20 854/1/854 853/1/853
f 595/1/595 1579/1/1578 507/1/507 1530/1/1530
f 1257/1/1257 13/1/13 16/1/16 1258/1/1258
f 1262/1/1262 1265/1/1265 13/1/13 1257/1/1257
f 1265/1/1265 1247/1/1247 14/1/14 13/1/13
f 600/1/600 1530/1/1530 1531/1/1531 1449/1/1449
f 596/1/596 595/1/595 1530/1/1530 600/1/600
f 714/1/714 8/1/8 307/1/307 310/1/310
f 1278/1/1278 1131/1/1131 70/1/70 1279/1/1279
f 721/1/721 1279/1/1279 1165/1/1165 500/1/500
f 898/1/898 12/1/12 1341/1/1341 899/1/899
f 1281/1/1281 1/1/1 4/1/4 1282/1/1282
f 1286/1/1286 1289/1/1289 1/1/1 1281/1/1281
f 1289/1/1289 617/1/617 2/1/2 1/1/1
f 1654/84/1655 1234/38/1234 1237/41/1237 1359/44/1359
f 1143/1/1143 1142/1/1142 160/1/160 1581/1/1580
f 1503/1/1503 1173/1/1173 1176/1/1176 802/1/802
f 1655/85/1656 1643/79/1643 1645/81/1646 1651/70/1657
f 1656/86/1658 1657/87/1659 1633/75/1633 1658/88/1660
f 1538/10/1538 1537/63/1537 170/2/170 173/5/173
f 801/1/801 276/1/276 275/1/275 1311/1/1311
f 1384/53/1384 1659/89/1661 1660/90/1662 1385/54/1385
f 1625/71/1625 1626/72/1626 1661/91/1663 1662/6/1664
f 1648/4/1665 1663/55/1666 1664/92/1667 1665/68/1668
f 1666/1/1669 1667/1/1670 456/1/456 455/1/455
f 1668/1/1671 319/1/319 451/1/451 456/1/456 1667/1/1670
f 1669/93/540 1670/94/1672 1671/74/1673 541/30/1674
f 1668/1/1671 1672/1/1675 1673/1/1676 291/1/291 319/1/319
f 1673/1/1676 1674/1/1677 288/1/288 291/1/291
f 1675/95/1678 1624/70/1679 1676/81/1680 1677/96/1681
f 1678/1/1682 546/1/546 551/1/551 288/1/288 1674/1/1677 1679/1/1683
f 1618/60/1618 1617/61/1617 1680/97/1684 1681/98/1685
f 1677/96/1681 1676/81/1680 1616/62/1686 1682/99/1687
f 1410/60/1410 1681/98/1685 1680/97/1684 1411/61/1411
f 1581/1/1580 160/1/160 32/1/32 1220/1/1220
f 1683/93/1550 1553/30/1688 1629/74/1689 1684/94/1690
f 1584/1/1583 903/1/903 274/1/274 273/1/273
f 1499/1/1499 1429/1/1429 1431/1/1431 1613/1/1613
f 1468/1/1468 1467/1/1467 1362/1/1362 1361/1/1361
f 433/1/433 435/1/435 1539/1/1539 1646/1/1647 1685/1/1691
f 1467/1/1467 1583/1/1582 1238/1/1238 1362/1/1362
f 1662/6/1664 1661/91/1663 1686/100/1692 1687/7/1693
f 1235/39/1235 1656/86/1658 1658/88/1660 1236/40/1236
f 1659/89/1661 422/21/422 425/24/425 1660/90/1662
f 724/1/724 1506/1/1506 876/1/876 725/1/725
f 802/1/802 1176/1/1176 36/1/36 803/1/803
f 1638/1/1638 1688/1/1694 1365/1/1365 1364/1/1364 1639/1/1639
f 1632/1/1632 1641/1/1641 1640/1/1640 1604/1/1603 1382/1/1382
f 407/18/407 1378/48/1378 1381/51/1381 408/19/408
f 1370/47/1695 1689/101/1696 1380/50/1380 1379/49/1379
f 1636/78/1636 1635/77/1635 331/16/331 330/15/330
f 1506/1/1506 559/1/559 562/1/562 876/1/876
f 903/1/903 902/1/902 1445/1/1445 274/1/274
f 1687/7/1693 1686/100/1692 1545/28/1545 1544/25/1544
f 1653/1/1654 1690/1/1697 1647/1/1648 175/1/175 174/1/174 1554/1/1553
f 1518/1/1518 1517/1/1517 1691/1/1698 1692/1/1699 304/1/304 303/1/303
f 725/1/725 876/1/876 878/1/878 1347/1/1347
f 1693/1/1700 547/1/547 546/1/546 1678/1/1682
f 1692/1/1699 1694/1/1701 1695/1/1702 1590/1/1589 304/1/304
f 460/27/460 459/26/459 1671/74/1703 1696/73/1704
f 630/1/630 629/1/629 1611/1/1610 1697/1/1705 1698/1/1706 636/1/636
f 1699/21/1707 1700/24/1708 1701/23/1709 1702/102/1710
f 1697/1/1705 1611/1/1610 1375/1/1375 1703/1/1711 1704/1/1712
f 1597/67/1596 1596/54/1595 1705/90/1713 1706/103/1714
f 1707/17/1715 1708/20/1716 1709/104/1717 1710/18/1718
f 1706/103/1714 1705/90/1713 1700/24/1708 1699/21/1707
f 1375/1/1375 639/1/639 638/1/638 1711/1/1719 1712/1/1720 1713/1/1721 1703/1/1711
f 1711/1/1719 638/1/638 641/1/641 1599/1/1598 1598/1/1597 1714/1/1722 1715/1/1723
f 1716/78/1724 1593/15/1592 1592/66/1591 1717/105/1725
f 1718/38/1726 1719/41/1727 1720/40/1728 1721/106/1729
f 1722/86/1730 1723/88/1731 1724/75/1732 1725/107/1733
f 1724/75/1734 1716/78/1724 1717/105/1725 1726/108/1735
f 1601/1/1600 1600/1/1599 1604/1/1603 1640/1/1640 1727/1/1736
f 1728/109/1737 1729/44/1738 1719/41/1727 1718/38/1726
f 1730/42/1739 1731/45/1740 1729/44/1738 1732/110/1737
f 1733/1/1741 1727/1/1736 1640/1/1640 1639/1/1639 1734/1/1742
f 1734/1/1742 1639/1/1639 1364/1/1364 1735/1/1743 1736/1/1744
f 1710/18/1718 1709/104/1717 1608/51/1607 1607/48/1606
f 626/1/626 1606/1/1605 1737/1/1745 1735/1/1743 1364/1/1364 322/1/322
f 1738/47/1746 1610/49/1609 1609/50/1608 1739/111/1747
f 1663/55/1666 1740/58/1748 1741/57/622 1664/92/1667
f 1142/1/1142 1177/1/1177 161/1/161 160/1/160
f 1590/1/1589 1695/1/1702 1742/1/1749 1743/1/1750 1398/1/1398 1402/1/1402 740/1/740
f 1744/112/1751 1707/17/1752 1731/45/1740 1730/42/1739
f 1721/106/1729 1720/40/1728 1723/88/1731 1722/86/1730
f 1419/1/1419 1372/1/1372 547/1/547 1693/1/1700 1745/1/1753
f 620/34/620 1738/47/1746 1746/113/1747 621/35/621
f 1666/1/1669 455/1/455 1336/1/1336 1335/1/1335 1747/1/1754
f 1613/1/1613 1431/1/1431 1620/1/1620 1558/1/1557
f 409/20/409 408/19/408 1748/114/1755 1749/115/1756
f 1750/1/1757 1751/1/1758 1752/1/1759 1753/1/1760
f 1753/1/1760 1752/1/1759 1688/1/1694 1638/1/1638
f 1679/1/1683 1674/1/1677 1754/1/1761 1755/1/1762
f 1755/1/1762 1754/1/1761 1756/1/1763 1757/1/1764
f 1758/116/1765 1759/117/1766 543/32/543 1623/69/1623
f 1717/105/1725 1592/66/1591 1760/118/1767 1761/119/1768
f 1762/1/1769 1763/1/1767 1764/1/1770 1765/1/1771
f 1765/1/1771 1764/1/1770 1715/1/1723 1714/1/1722
f 1714/1/1722 1598/1/1597 1766/1/1772 1765/1/1771
f 1765/1/1771 1766/1/1772 1767/1/1773 1762/1/1769
f 1768/120/1774 1769/121/1775 1726/108/1735 1717/105/1725
f 1517/1/1517 1516/1/1516 1770/1/1776 1771/1/1777
f 1771/1/1777 1770/1/1776 1772/1/1778 1773/1/1779
f 1774/122/1780 1775/123/1781 1387/56/1388 1612/68/1612
f 1628/73/1628 1546/64/1546 1776/124/1782 1777/125/1783
f 1778/1/1784 1779/1/1782 1780/1/1785 1781/1/1786
f 1781/1/1786 1780/1/1785 433/1/433 1685/1/1691
f 1603/1/1602 1602/1/1601 1782/1/1787 1783/1/1788
f 1783/1/1788 1782/1/1787 1784/1/1789 1785/1/1790
f 1786/126/1791 1787/127/1792 1721/106/1729 1722/86/1730
f 1694/1/1701 1692/1/1699 1788/1/1793 1789/1/1794
f 1789/1/1794 1788/1/1793 1790/1/1795 1791/1/1796
f 1792/128/1797 1793/129/1798 1537/63/1537 423/22/423
f 1734/1/1742 1736/1/1744 1794/1/1799 1795/1/1800
f 1795/1/1800 1794/1/1799 1796/1/1801 1797/1/1802
f 1798/115/1803 1799/114/1804 1709/104/1717 1708/20/1716
f 1693/1/1700 1678/1/1682 1800/1/1805 1801/1/1806
f 1801/1/1806 1800/1/1805 1802/1/1807 1803/1/1808
f 1804/130/1809 1805/131/1810 1677/96/1681 1682/99/1687
f 1635/77/1635 1634/76/1634 1806/121/1811 1807/120/1812
f 1808/1/1813 1809/1/1814 1810/1/1815 1811/1/1816
f 1811/1/1816 1810/1/1815 1401/1/1401 1400/1/1400
f 1644/80/1644 1643/79/1643 1812/131/1817 1813/130/1818
f 1814/1/1819 1815/1/1820 1816/1/1821 1817/1/1822
f 1817/1/1822 1816/1/1821 1653/1/1654 1421/1/1421
f 1618/60/1618 1681/98/1685 1818/132/1823 1819/133/1824
f 1820/1/1825 1821/1/1826 1822/1/1827 1823/1/1828
f 1823/1/1828 1822/1/1827 1419/1/1419 1745/1/1753
f 1234/38/1234 1654/84/1655 1824/134/1829 1825/135/1830
f 1826/1/1831 1827/1/1832 1828/1/1833 1829/1/1834
f 1829/1/1834 1828/1/1833 1641/1/1641 1632/1/1632
f 1666/1/1669 1747/1/1754 1830/1/1835 1831/1/1836
f 1831/1/1836 1830/1/1835 1832/1/1837 1833/1/1838
f 1834/136/1839 1835/137/1840 227/9/227 226/8/226
f 1515/1/1515 1642/1/1642 1836/1/1841 1837/1/1842
f 1837/1/1842 1836/1/1841 1838/1/1843 1839/1/1844
f 1840/138/1845 1841/139/1846 847/35/847 846/37/846
f 1692/1/1699 1691/1/1698 1842/1/1847 1788/1/1793
f 1788/1/1793 1842/1/1847 1843/1/1848 1790/1/1795
f 1793/129/1798 1844/140/1849 170/2/170 1537/63/1537
f 1650/82/1651 1551/32/1551 1845/117/1850 1846/116/1851
f 1847/1/1852 1848/1/1850 1849/1/1853 1850/1/1854
f 1850/1/1854 1849/1/1853 1647/1/1648 1690/1/1697
f 1366/1/1366 1365/1/1365 1851/1/1855 1852/1/1856
f 1852/1/1856 1851/1/1855 1853/1/1857 1854/1/1858
f 1855/141/1859 1856/142/1860 1381/51/1381 1380/50/1380
f 1739/111/1747 1609/50/1608 1857/143/1861 1858/144/1862
f 1859/1/1863 1860/1/1861 1861/1/1864 1862/1/1865
f 1862/1/1865 1861/1/1864 1737/1/1745 1606/1/1605
f 1703/1/1711 1713/1/1721 1863/1/1866 1864/1/1867
f 1864/1/1867 1863/1/1866 1865/1/1868 1866/1/1869
f 1867/145/1870 1868/146/1871 1706/103/1714 1699/21/1707
f 1601/1/1600 1727/1/1736 1869/1/1872 1870/1/1873
f 1870/1/1873 1869/1/1872 1871/1/1874 1872/1/1875
f 1873/135/1876 1874/134/1874 1728/109/1737 1718/38/1726
f 1656/86/1658 1235/39/1235 1875/127/1877 1876/126/1878
f 1877/1/1879 1878/1/1880 1879/1/1881 1880/1/1882
f 1880/1/1882 1879/1/1881 1631/1/1631 1630/1/1630
f 1672/1/1675 1668/1/1671 1881/1/1883 1882/1/1884
f 1882/1/1884 1881/1/1883 1883/1/1885 1884/1/1886
f 1885/125/1887 1886/147/1888 460/27/460 1696/73/1704
f 1597/67/1596 1706/103/1714 1887/148/1889 1888/149/1890
f 1889/1/1891 1865/1/1868 1863/1/1866 1890/1/1892
f 1890/1/1892 1863/1/1866 1713/1/1721 1712/1/1720
f 1400/1/1400 1399/1/1399 1891/1/1893 1811/1/1816
f 1811/1/1816 1891/1/1893 1892/1/1894 1808/1/1813
f 1893/150/1812 1894/118/1895 331/16/331 1635/77/1635
f 1702/102/1710 262/12/262 1895/129/1896 1896/151/1897
f 1897/1/1898 1898/1/1899 1899/1/1900 1900/1/1901
f 1900/1/1901 1899/1/1900 1697/1/1705 1704/1/1712
f 1609/50/1608 1608/51/1607 1901/152/1902 1902/141/1903
f 1860/1/1861 1903/1/1904 1904/1/1905 1861/1/1864
f 1861/1/1864 1904/1/1905 1735/1/1743 1737/1/1745
f 1686/100/1692 1661/91/1663 1905/137/1906 1906/153/1907
f 1907/1/1908 1908/1/1909 1909/1/1910 1910/1/1911
f 1910/1/1911 1909/1/1910 1334/1/1334 581/1/581
f 422/21/422 1659/89/1661 1911/146/1912 1912/145/1913
f 1913/1/1913 1914/1/1914 1915/1/1915 1916/1/1916
f 1916/1/1916 1915/1/1915 1742/1/1749 1695/1/1702
f 262/12/262 261/11/261 1917/140/1917 1895/129/1896
f 1898/1/1899 1918/1/1918 1919/1/1919 1899/1/1900
f 1899/1/1900 1919/1/1919 1698/1/1706 1697/1/1705
f 622/36/622 621/35/621 1920/154/1920 1921/138/1921
f 1922/1/1921 1923/1/1922 1924/1/1923 1925/1/1924
f 1925/1/1924 1924/1/1923 1605/1/1604 635/1/635
f 1665/68/1668 1664/92/1667 1926/123/1925 1927/155/1926
f 1928/1/1927 1929/1/1928 1930/1/1929 1931/1/1930
f 1931/1/1930 1930/1/1929 637/1/637 636/1/636
f 1367/1/1367 1366/1/1366 1852/1/1856 1932/1/1931
f 1932/1/1931 1852/1/1856 1854/1/1858 1933/1/1932
f 1934/144/1933 1935/156/1859 1380/50/1380 1689/101/1696
f 1743/1/1750 1742/1/1749 1915/1/1915 1936/1/1934
f 1936/1/1934 1915/1/1915 1914/1/1914 1937/1/1935
f 1938/157/1936 1939/148/1912 1659/89/1661 1384/53/1384
f 1615/59/1615 1618/60/1618 1940/158/1824 1941/159/1937
f 1803/1/1808 1820/1/1825 1823/1/1828 1801/1/1806
f 1801/1/1806 1823/1/1828 1745/1/1753 1693/1/1700
f 1626/72/1626 227/9/227 1942/160/1938 1943/161/1939
f 1944/1/1940 1832/1/1837 1830/1/1835 1945/1/1941
f 1945/1/1941 1830/1/1835 1747/1/1754 1335/1/1335
f 1675/95/1678 1677/96/1681 1805/131/1810 1946/162/1765
f 1757/1/1764 1802/1/1807 1800/1/1805 1755/1/1762
f 1755/1/1762 1800/1/1805 1678/1/1682 1679/1/1683
f 1673/1/1676 1672/1/1675 1882/1/1884 1947/1/1942
f 1947/1/1942 1882/1/1884 1884/1/1886 1948/1/1943
f 1949/163/1944 1950/164/1887 1670/94/1672 1669/93/540
f 461/28/461 460/27/460 1951/165/1888 1952/166/1945
f 1953/1/1946 1883/1/1885 1881/1/1883 1954/1/1947
f 1954/1/1947 1881/1/1883 1668/1/1671 1667/1/1670
f 1667/1/1670 1666/1/1669 1831/1/1836 1954/1/1947
f 1954/1/1947 1831/1/1836 1833/1/1838 1953/1/1946
f 1955/167/1945 1956/168/1948 226/8/226 461/28/461
f 540/29/540 543/32/543 1759/117/1766 1957/169/1944
f 1948/1/1943 1756/1/1763 1754/1/1761 1947/1/1942
f 1947/1/1942 1754/1/1761 1674/1/1677 1673/1/1676
f 1727/1/1736 1733/1/1741 1958/1/1949 1869/1/1872
f 1869/1/1872 1958/1/1949 1959/1/1950 1871/1/1874
f 1960/170/1951 1961/171/1952 1730/42/1739 1732/110/1737
f 635/1/635 637/1/637 1930/1/1929 1925/1/1924
f 1925/1/1924 1930/1/1929 1929/1/1928 1922/1/1921
f 1962/172/1953 1963/173/1954 1664/92/1667 1741/57/622
f 1722/86/1730 1725/107/1733 1964/174/1775 1965/175/1791
f 1785/1/1790 1767/1/1773 1766/1/1772 1783/1/1788
f 1783/1/1788 1766/1/1772 1598/1/1597 1603/1/1602
f 261/11/261 1649/3/1650 1966/176/1926 1917/140/1917
f 1918/1/1918 1928/1/1927 1931/1/1930 1919/1/1919
f 1919/1/1919 1931/1/1930 636/1/636 1698/1/1706
f 1744/112/1751 1730/42/1739 1967/177/1952 1968/178/1802
f 1797/1/1802 1959/1/1950 1958/1/1949 1795/1/1800
f 1795/1/1800 1958/1/1949 1733/1/1741 1734/1/1742
f 1718/38/1726 1721/106/1729 1969/179/1955 1970/180/1956
f 1872/1/1875 1784/1/1789 1782/1/1787 1870/1/1873
f 1870/1/1873 1782/1/1787 1602/1/1601 1601/1/1600
f 1699/21/1707 1702/102/1710 1971/181/1957 1972/182/1958
f 1866/1/1869 1897/1/1898 1900/1/1901 1864/1/1867
f 1864/1/1867 1900/1/1901 1704/1/1712 1703/1/1711
f 1712/1/1720 1711/1/1719 1973/1/1959 1890/1/1892
f 1890/1/1892 1973/1/1959 1974/1/1960 1889/1/1891
f 1975/183/1890 1976/184/1961 1595/52/1590 1597/67/1596
f 1606/1/1605 1605/1/1604 1924/1/1923 1862/1/1865
f 1862/1/1865 1924/1/1923 1923/1/1922 1859/1/1863
f 1977/185/1962 1978/186/1920 621/35/621 1746/113/1747
f 1711/1/1719 1715/1/1723 1764/1/1770 1973/1/1959
f 1973/1/1959 1764/1/1770 1763/1/1767 1974/1/1960
f 1979/187/1963 1980/188/1767 1592/66/1591 1591/65/1590
f 1608/51/1607 1709/104/1717 1981/189/1964 1982/190/1902
f 1903/1/1904 1796/1/1801 1794/1/1799 1904/1/1905
f 1904/1/1905 1794/1/1799 1736/1/1744 1735/1/1743
f 1421/1/1421 1420/1/1420 1983/1/1965 1817/1/1822
f 1817/1/1822 1983/1/1965 1984/1/1966 1814/1/1819
f 1985/159/1967 1986/191/1966 1410/60/1410 1409/59/1409
f 1690/1/1697 1653/1/1654 1816/1/1821 1850/1/1854
f 1850/1/1854 1816/1/1821 1815/1/1820 1847/1/1852
f 1987/162/1968 1812/131/1817 1643/79/1643 1655/85/1656
f 1683/93/1550 1684/94/1690 1988/164/1783 1989/192/1969
f 1990/1/1970 1778/1/1784 1781/1/1786 1991/1/1971
f 1991/1/1971 1781/1/1786 1685/1/1691 1646/1/1647
f 434/1/434 433/1/433 1780/1/1785 1992/1/1972
f 1992/1/1972 1780/1/1785 1779/1/1782 1993/1/1973
f 1994/166/1974 1995/165/1782 1546/64/1546 1545/28/1545
f 1545/28/1545 1686/100/1692 1996/168/1908 1997/193/1974
f 1993/1/1973 1907/1/1908 1910/1/1911 1992/1/1972
f 1992/1/1972 1910/1/1911 581/1/581 434/1/434
f 1646/1/1647 1647/1/1648 1849/1/1853 1991/1/1971
f 1991/1/1971 1849/1/1853 1848/1/1850 1990/1/1970
f 1998/169/1969 1845/117/1850 1551/32/1551 1550/29/1550
f 1358/43/1358 1357/42/1357 1999/171/1975 2000/194/1976
f 1827/1/1832 2001/1/1977 2002/1/1978 1828/1/1833
f 1828/1/1833 2002/1/1978 1637/1/1637 1641/1/1641
f 1388/57/846 1387/56/1388 2003/173/1979 2004/172/1980
f 1839/1/1844 1772/1/1778 1770/1/1776 1837/1/1842
f 1837/1/1842 1770/1/1776 1516/1/1516 1515/1/1515
f 1630/1/1630 1401/1/1401 1810/1/1815 1880/1/1882
f 1880/1/1882 1810/1/1815 1809/1/1814 1877/1/1879
f 2005/195/1981 2006/174/1982 1657/87/1659 1656/86/1658
f 1691/1/1698 1517/1/1517 1771/1/1777 1842/1/1847
f 1842/1/1847 1771/1/1777 1773/1/1779 1843/1/1848
f 1844/140/1849 2007/176/1780 171/3/171 170/2/170
f 1638/1/1638 1637/1/1637 2002/1/1978 1753/1/1760
f 1753/1/1760 2002/1/1978 2001/1/1977 1750/1/1757
f 2008/178/1983 2009/196/1977 1357/42/1357 1652/83/409
f 1632/1/1632 1631/1/1631 1879/1/1881 1829/1/1834
f 1829/1/1834 1879/1/1881 1878/1/1880 1826/1/1831
f 2010/197/1984 2011/179/1877 1235/39/1235 1234/38/1234
f 1695/1/1702 1694/1/1701 1789/1/1794 1916/1/1916
f 1916/1/1916 1789/1/1794 1791/1/1796 1913/1/1913
f 2012/198/1985 2013/181/1986 423/22/423 422/21/422
f 1384/53/1384 1383/52/1383 2014/184/1987 2015/183/1936
f 1937/1/1935 2016/1/1988 2017/1/1989 1936/1/1934
f 1936/1/1934 2017/1/1989 1398/1/1398 1743/1/1750
f 1369/46/1369 847/35/847 2018/186/1990 2019/199/1991
f 1933/1/1932 1838/1/1843 1836/1/1841 1932/1/1931
f 1932/1/1931 1836/1/1841 1642/1/1642 1367/1/1367
f 328/13/328 331/16/331 2020/200/1895 2021/187/1987
f 2016/1/1988 1892/1/1894 1891/1/1893 2017/1/1989
f 2017/1/1989 1891/1/1893 1399/1/1399 1398/1/1398
f 1365/1/1365 1688/1/1694 1752/1/1759 1851/1/1855
f 1851/1/1855 1752/1/1759 1751/1/1758 1853/1/1857
f 2022/190/1992 2023/189/1993 408/19/408 1381/51/1381
f 1420/1/1420 1419/1/1419 1822/1/1827 1983/1/1965
f 1983/1/1965 1822/1/1827 1821/1/1826 1984/1/1966
f 2024/133/1994 1818/132/1823 1681/98/1685 1410/60/1410
f 1335/1/1335 1334/1/1334 1909/1/1910 1945/1/1941
f 1945/1/1941 1909/1/1910 1908/1/1909 1944/1/1940
f 1943/161/1939 2025/160/1995 1661/91/1663 1626/72/1626
f 1702/102/1710 1701/23/1709 259/10/259 262/12/262
